2,W,0x34500000,0xf1ea4e3ad6e733c0e5f25e244dd6e313
2,W,0x34500010,0x2b00ecddda6b71e2c85d625ee7676663
2,W,0x34500020,0xe371e6b173e2bcbf69e04de4d7d0d79e
2,W,0x34500030,0x6958388f61ec3b5458659505d24ec06b
2,W,0x34500040,0xe455e3d0e09cd6457162e5b3bdb64ae4
2,W,0x34500050,0x6ed8626bc76460e2503cc1810060cb16
2,W,0x34500060,0xc5e6dad146c5c84933a2c35be0c1eeb7
2,W,0x34500070,0xe7bfe05adee3dc63454b33625050609b
2,W,0x34500080,0x4ec3c3eb5bc7b256e3e5cac0e4426ad0
2,W,0x34500090,0xd84ed0f1ca702de4655636e145f55d71
2,W,0x345000a0,0xd2e44dc2ce3a6b3b635f692b47aeab37
2,W,0x345000b0,0xbf6562c6c3d440df5f333a61be3644e5
2,W,0x345000c0,0xd9d760d3d25f4153f631e2e8585dbdd2
2,W,0x345000d0,0xdbd0a6b20c483865e9b8d1b7d15771d9
2,W,0x345000e0,0x306c046a55c156815d0231d050ddece1
2,W,0x345000f0,0xe100caeab646520b6157c2c932eac532
2,W,0x34500100,0xb55256eabb66cad9c05bd4b8d109c93c
2,W,0x34500110,0x58e0cd46e03f52d35967d7efd43debe6
2,W,0x34500120,0x60f4942657324361cce9d8586ee26da7
2,W,0x34500130,0xcc624cd46660de5a6150d2636639d559
2,W,0x34500140,0x5e290152d5db61ea5b7040a7d6629201
2,W,0x34500150,0xb13972b239cfeb6524e0cad02dc9703a
2,W,0x34500160,0x545730672bafe6e754f5b8ba31405159
2,W,0x34500170,0x4b5c6ee233d4903ee6c9d1515527b8c0
2,W,0x34500180,0xd9b244503cb1525533da71476d396270
2,W,0x34500190,0x3935476081b38c0abfdbccd9cb5ddedf
2,W,0x345001a0,0xcee4cbcb60f45b63e7d781e7dde05ae5
2,W,0x345001b0,0x2f3c6501e465e1f16dd7dc68424d75bb
2,W,0x345001c0,0x726261d1d8df4cc5c3d45de03fcde013
2,W,0x345001d0,0x4a5a00633cd1d3e0a922f36b234b1562
2,W,0x345001e0,0xd64e5a50d6c9ded80cd1633b5cd437e6
2,W,0x345001f0,0x59e8b15669436263bc475443d757c939
2,W,0x34500200,0x306266cc416749c26835dc52f0f2c950
2,W,0x34500210,0x3137df7198d3d255e4d052bee5db4f6b
2,W,0x34500220,0xc8f459c4c050d3d1d0a1dc5b41af4ae2
2,W,0x34500230,0x6320e9d156dddc09e46252d13a552260
2,W,0x34500240,0xe1e242c6c5cf5447cbe2a7516bcbda2f
2,W,0x34500250,0xe3712cc261db3de4d6c5f250b7d5c1c6
2,W,0x34500260,0x327053b4aae4e451e928d562e7d4e561
2,W,0x34500270,0xe36762dddd905ea95ca14127912050f0
2,W,0x34500280,0x5c69ea3dd8c3c1b3dd13539c00ec60d7
2,W,0x34500290,0xa852154ce8c2dbe5c2435962e5315852
2,W,0x345002a0,0xc9c8155cc7f14358e14bd0d5e0d6d951
2,W,0x345002b0,0xd55053d4f4dca750c2deb5d6d45635e9
2,W,0x345002c0,0x535166cd29e2d681cc636f55bbeee84f
2,W,0x345002d0,0xd03f8fab67eac9ddacee57e200a1569f
2,W,0x345002e0,0xc4306863d1d879d0e9e01bd2d659650d
2,W,0x345002f0,0x52a0bee370e164633e5c4848be6b86c8
2,W,0x34500300,0x91562bcfc55ede434dd3d8015fcd63c7
2,W,0x34500310,0xb870365171c724c8d1ca52e9efda70d9
2,W,0x34500320,0x69d0b946bde5b252c6cadebdc03467d0
2,W,0x34500330,0x606b60e8e646b46ccf51d5315e6f36ec
2,W,0x34500340,0xca3922de5664b2dd3666e25a15e4c4e0
2,W,0x34500350,0x506ece1ed464d9e745e2d0506d9d1f71
2,W,0x34500360,0x5d39d2f763d3c469c4c0438bebe2d1e2
2,W,0x34500370,0xe24464665c744246da4cba5c4870ddda
2,W,0x34500380,0x5f56d04b631dcae058e673d03936d661
2,W,0x34500390,0x62d876c87053dec18941c6e3e8434d3c
2,W,0x345003a0,0x45dfba70a1e043635559f1b86300e2d3
2,W,0x345003b0,0xe269d338f0dcdc67d53ad7b3e0e54747
2,W,0x345003c0,0x5f61dec4635644bd90485bb3e40bbac7
2,W,0x345003d0,0xd0dc28d0f16eda6d383460e163c8e057
2,W,0x345003e0,0x5d6be765aa57d63aa051dbecb9b3c5c7
2,W,0x345003f0,0x39d9f05101d25ba186e556e036d032d6
2,W,0x34500400,0xbc309b15dee0e3d696d362da3e105af1
2,W,0x34500410,0x5ae3d9d1cf00aeaee36065c4632dd355
2,W,0x34500420,0xdf5b61d7d953c76964d2e9ef5bdd534b
2,W,0x34500430,0xf1f1e1e65fe3a5524571d75043df6032
2,W,0x34500440,0xf6d6cc4a5146a86fd23fd6d274d54c4b
2,W,0x34500450,0xee6164af326152d266d3e727614063b2
2,W,0x34500460,0x27d5523339424a60d3b33de1db6ecbe4
2,W,0x34500470,0xd2dcd6e22054e766646bc9368944e4c0
2,W,0x34500480,0x4e671143ed53e4e22c5024ed663c5d73
2,W,0x34500490,0xdbd8a6efe056d8edc44f55e44cd2510b
2,W,0x345004a0,0xc33bdb74e8ba45eae15965e1d546ee44
2,W,0x345004b0,0xd6ea5b645c72d2c7615de64e33205f5e
2,W,0x345004c0,0xe04dda27e2705b64e653dc513b5ee35b
2,W,0x345004d0,0x00af66cb401771e0d86554d724f1eb51
2,W,0x345004e0,0x61545e38dbe045d5ed504bd96753e162
2,W,0x345004f0,0x8f5262a0c40161e9316055605ae6bc59
2,W,0x34500500,0x4941ea5c6034d45a34e7d266e1c8d460
2,W,0x34500510,0xda55c55ec8edbad77260e9d066d5c3d7
2,W,0x34500520,0x57b9ca2bbad65e9040f1d4b8e38153c5
2,W,0x34500530,0xe977b7e0b9635654dbd16af4500b2c53
2,W,0x34500540,0xf34b4ac542d7cfe1412106e13d61e0c0
2,W,0x34500550,0x6211e340e23ad963457355c25cc83a4a
2,W,0x34500560,0xe7697d6bd2b7f66d5fe55d54a3d4ee57
2,W,0x34500570,0x6252e16dbbea566b52b33271575ce555
2,W,0x34500580,0x42eee4d4e4dec65860cb5a425245c500
2,W,0x34500590,0x4844e06eb2005a5492d050ce68e75052
2,W,0x345005a0,0xe8ecdd503e56c3ddcdda5fd253b3cbd5
2,W,0x345005b0,0xd3606564ebc75dee59cfc74756ed6458
2,W,0x345005c0,0xebbb405de65cc96c9927013e3e09d7d2
2,W,0x345005d0,0x49d9a84c53dce76c5230e35ed5f14996
2,W,0x345005e0,0x5fd862ed4854ece9beee30645ac5ec64
2,W,0x345005f0,0x5ddacf65e4dace52b9b272e1af6d0081
2,W,0x34500600,0xc501c537fc580140e5eacb67b0e1ed14
2,W,0x34500610,0xe3b0c4e3155da8e2ddc72552d3dad3dc
2,W,0x34500620,0xd998cebbb9dcdcc08c31e5dce4e5eb44
2,W,0x34500630,0x5b4b5e6c7029dd232f6fb14ac66fa173
2,W,0x34500640,0x7555d950b7534cd10a5bd8725cc5e481
2,W,0x34500650,0xdc59464593d66d5c4b71e3dd522a37c6
2,W,0x34500660,0xf1e257c3d36a59c2e1014e2a70f42b63
2,W,0x34500670,0x5be26f56cfe29811b16601d8d45fe9e0
2,W,0x34500680,0x45c05ae166336bbbcd59e24160f44240
2,W,0x34500690,0xd7ebe23cdad8cbcad54e4d58e07165e2
2,W,0x345006a0,0xe15a2c4b4acde0d44c6adf545002b5e4
2,W,0x345006b0,0x2c46d442355072c175aa52c6dcc371f1
2,W,0x345006c0,0xcbe23cd6d44117e2e1cb46514f6048b1
2,W,0x345006d0,0x34dae0f026604e61df72f24ab8c45902
2,W,0x345006e0,0xbfbb5123e03970ea1c4ecad4e061bed9
2,W,0x345006f0,0xb44dde674eb4d7c029e33e4a412bf457
2,W,0x34500700,0x6db9725d653564415de5ba6131dfd348
2,W,0x34500710,0x66c8e12f0064758ae2d1d6d9b66344d4
2,W,0x34500720,0xd7e6d563c454611d5d665429e130a9cf
2,W,0x34500730,0xe168eb40cee6d3df66d6d4d8e76ad639
2,W,0x34500740,0x46ee416ae71de3f3d6839b54e54eecd6
2,W,0x34500750,0xddc20021e7c4d7e4e66360a84551e14d
2,W,0x34500760,0xee5d5a1cece35adc00ebd2c99cd2e26a
2,W,0x34500770,0xc0d12bbfe0ba6ee969e1cb5cda4e61cb
2,W,0x34500780,0xea5a5346e9202ac8603b6c3cb631d4f1
2,W,0x34500790,0xd5274ebc540350604c646b5023385c51
2,W,0x345007a0,0x6bdce9e881563077333e4034a4e06d66
2,W,0x345007b0,0xd4374a2f65aad2b46363b73fdc3224dd
2,W,0x345007c0,0x2264e0d4ee50bc505db762c9554fc2a7
2,W,0x345007d0,0xe854c9d0b4d4d5d5934ad56d69ca6b26
2,W,0x345007e0,0xe4a65a59e3b8618bcecfcfd24c68cebd
2,W,0x345007f0,0x57dce965025ce2e8684b613210e1d946
2,W,0x34500800,0xd3654848d960675ec9205c3c305670d3
2,W,0x34500810,0xb8ded73ceae363f0e8115b5dc6c68144
2,W,0x34500820,0x37eb6860e55ec0e057b5e42a65454d43
2,W,0x34500830,0xc2d1ece4cad7e5cbdd6766ef5da0ea44
2,W,0x34500840,0x2ab9614ed1695462d56c384dd6eac742
2,W,0x34500850,0xd851d760b3ab51d2e14ecac82f3de22d
2,W,0x34500860,0x67e8c3a140616165e1b1d3453635c8bb
2,W,0x34500870,0x72e956e2435f65cb7048da5b1f4da8d0
2,W,0x34500880,0xd928b24f253d4da5b7e7e9155ae200d2
2,W,0x34500890,0xcc2c20d3ebadd6d16de462ebcde9ce52
2,W,0x345008a0,0x505c63c93c50dae4bc61d44f72d65fcc
2,W,0x345008b0,0xd5ebeee6ba5a3959c5686602a851d79a
2,W,0x345008c0,0x594843ae4362de67556cd725d55ddae4
2,W,0x345008d0,0x5c6332d573bfcfb0e6d8705b015ccdc9
2,W,0x345008e0,0xe0d91d7071c15e4c5565db51a2303ce3
2,W,0x345008f0,0xc4a3df69dba74bcccf6d69a4e2531769
2,W,0x34500900,0xc8dd01e3515e50d952ccdcc0543c4453
2,W,0x34500910,0x6965655be347056ab63bd4d6bc9d6451
2,W,0x34500920,0x4f374ed839ee674961b7da62b9605a57
2,W,0x34500930,0x5557705eca5ee3e8ee39545be4b0e5e3
2,W,0x34500940,0x579b57da4e3453606550d1e1dcd0515e
2,W,0x34500950,0x6046d5e5e7d3d64cd8c9434f37e85b65
2,W,0x34500960,0xd9e55d43e266d42a6fd4b3e2d438ab55
2,W,0x34500970,0xe9d1d274975748984d5d3d66b538ba59
2,W,0x34500980,0xe44364e456c043e1525572b154e66ea2
2,W,0x34500990,0x50e8585a33c555615be7d145b256da43
2,W,0x345009a0,0x6a8c43e8386bf44b34e6d0c75961da62
2,W,0x345009b0,0x6a55cf72e3956059684bcc584f4dd9b0
2,W,0x345009c0,0xc7cbe7c0c9c552f1355f62de6c3a64d3
2,W,0x345009d0,0x62d2e43bb0cd66cec0da5aebc544db62
2,W,0x345009e0,0x5a49d02c4c4962d8004153c0cd6500c3
2,W,0x345009f0,0x61ced66152ef625ccab9e3d5ea5ee425
2,W,0x34500a00,0xbddb505f4b5add5263cfbd9cc023c258
2,W,0x34500a10,0xeeebd2eb0081c14ee3c9e342dee186dd
2,W,0x34500a20,0x53e6e2455f81e0bdb01e4faf6ba1e15b
2,W,0x34500a30,0x6fe1a95de153da5d64db63e148f1ce98
2,W,0x34500a40,0x4ce72760ced9e36c57dd34e054e1425d
2,W,0x34500a50,0x4952eb3dc864e0d1cacedfb15232e263
2,W,0x34500a60,0x90456c6fd18adee322c237eeb9d1d5e9
2,W,0x34500a70,0x386636814bcada5c655ba95641cfede1
2,W,0x34500a80,0x6456ea49d0c3d9d047cb5a81da52cbdf
2,W,0x34500a90,0x415454a15ed3e0c362474261c267aa67
2,W,0x34500aa0,0xaf546bcad1e7426eedc56d5865d6f0c0
2,W,0x34500ab0,0xe64b65ae6f4646de4dc06268e3533ed6
2,W,0x34500ac0,0x4ae363c96b3f3bd3b5d6c440653d6381
2,W,0x34500ad0,0x5fe3d03767cfc76f5fe6edca535c48dd
2,W,0x34500ae0,0xbbe248c9e566e0e3d44900643b5fb0c8
2,W,0x34500af0,0xdae05070a9c8e031dbe957de4a70386a
2,W,0x34500b00,0xd21c5162d9be751cc664ce5856d96feb
2,W,0x34500b10,0x5ee1c752e842bcc3d0d66761a36c7357
2,W,0x34500b20,0x488153d86acf4900e6145733c9b95cc6
2,W,0x34500b30,0x39de635144b4e5dfe5c5afa4ecc27754
2,W,0x34500b40,0xe949ea60e101645c5021434ce1f7af65
2,W,0x34500b50,0xe365b566bb5bce1dc4deccf2752f61ad
2,W,0x34500b60,0x534c50eae7504520448bc3b9c26165d6
2,W,0x34500b70,0x61e759d2745d6bb1da8a15f46251ef55
2,W,0x34500b80,0xd64a6050ddb1ddf49461e201b949d763
2,W,0x34500b90,0xd5a96648e652d076bc5671e3d9f173d8
2,W,0x34500ba0,0x7350603ddab0e3eac56ca0e45d39ca5a
2,W,0x34500bb0,0x18575ee94453dd6fd7a0c346cfe148d9
2,W,0x34500bc0,0x67ca81f03769506d73c554b35cbace97
2,W,0x34500bd0,0x4875c0e261b5c25bcaf174f3696b4ebd
2,W,0x34500be0,0x603e71ccd5456ece5771c0acc8dc41c2
2,W,0x34500bf0,0xe5a8e64d4f4955deb45273e2e23ee0e9
2,W,0x34500c00,0x4b585000e710c161c867665cd6580265
2,W,0x34500c10,0x65c7644561d145bf1fe8afe0e6d749d2
2,W,0x34500c20,0x5531dea753e487cbd12fd3b8d3cd6f69
2,W,0x34500c30,0x609123ca62bc06106c51c45100cde8c4
2,W,0x34500c40,0x51508feb9ada0c6cf2d4f2eee68157f4
2,W,0x34500c50,0x60cab3a5de61df692d4b24b8ddd83b03
2,W,0x34500c60,0xe17370e3ba60ced1c266e72e58663fe1
2,W,0x34500c70,0xa6d75454dbe77bdd00449d5162bf395d
2,W,0x34500c80,0xe638665ade5940dab3ba225c3de1d9ee
2,W,0x34500c90,0x09b2aa39a9f06cb2e8d8c19a9ec5364d
2,W,0x34500ca0,0xc5e050013f67d9c8efb66463626636d3
2,W,0x34500cb0,0x255db236575d5bb765da42e3e24ed2d3
2,W,0x34500cc0,0x4fc8a34e23e155d9e6d361266e6e55e5
2,W,0x34500cd0,0x634170a95870a030d1d342c36bb3b7d1
2,W,0x34500ce0,0x47df4aa8f0433acf61c41767f26239df
2,W,0x34500cf0,0x38e3d9d8b84408f1ec6fd6d9bc53f385
2,W,0x34500d00,0x625ae15abe2052b1519743cde5d35344
2,W,0x34500d10,0xd50745cd535cdb5326f454f56168d588
2,W,0x34500d20,0xd3375cd633e06ce2b86271de4a5bb467
2,W,0x34500d30,0xf2524bcce95a536f740143e1ca62c5e3
2,W,0x34500d40,0x620052d85c565a5530c133cfd4e0ac4b
2,W,0x34500d50,0xf2e4bed0e44ad839644f44a0d05e6145
2,W,0x34500d60,0xf1e45b44f15724543f20dc3faaf09ed7
2,W,0x34500d70,0xea64b03a8ba2e7d0e0ad624ced1be0d3
2,W,0x34500d80,0x5153b6736360221d63a3c3c8e66c4c62
2,W,0x34500d90,0x4cc43b5b39463bd400a6da655bc5cdb9
2,W,0x34500da0,0xcf40f034c833575dd95a50dde2e9e0b4
2,W,0x34500db0,0x2e71a163de65cf6457e5d5c0dec3e9df
2,W,0x34500dc0,0x4063e0576e5c956a605564626f5d5354
2,W,0x34500dd0,0x725ed5b28e6067eb57e3dcf4e8e9d3e4
2,W,0x34500de0,0x634f5c41ded146d85995e3ba51b9da3b
2,W,0x34500df0,0x48d43753576c4a56488147e4de5f445a
2,W,0x34500e00,0x5243c1dd376dd7e0bf71c7d9694001c5
2,W,0x34500e10,0x416250d4644457a76517d760b03e736c
2,W,0x34500e20,0x6eb26b4add6b58cbd9504a6ce6ab5e4e
2,W,0x34500e30,0xdce6c1b964e5d2d4cbefdfdbd1b3d1c2
2,W,0x34500e40,0xd3ecdfc9e66d8162af3cd88133cee3e6
2,W,0x34500e50,0x4e45cdc8311366d0384c3372d4dbd213
2,W,0x34500e60,0xe6eb34c247413256ddde70535b4363cc
2,W,0x34500e70,0xb5e3dfdc691001003bc1d4d36153a6d3
2,W,0x34500e80,0x52bff19cf0f109d7e5563240a95363f1
2,W,0x34500e90,0x553bd1e45a41b0e011e06ad57010d4cf
2,W,0x34500ea0,0x4b7bdd69e801484c40e0d553d6d24fd9
2,W,0x34500eb0,0x57c8dc5ee65656dab2be3cd250e670db
2,W,0x34500ec0,0xd8d0574ddda060605050b750d767c8c9
2,W,0x34500ed0,0x5ca8d5bfd453daaa63e36b4cb94ae44d
2,W,0x34500ee0,0xdeeecad36292c33ec65c6500e464e0e0
2,W,0x34500ef0,0xbc1a675463cfe7eb5be177d3d0e4e150
2,W,0x34500f00,0xd246b9e76c524062b865b062e6275a6e
2,W,0x34500f10,0xc3d8a8e9e147e0c46d415fc4dede445b
2,W,0x34500f20,0x4e52c267d6dad948465371ecd9d83851
2,W,0x34500f30,0x66e5e166d12278e9e5695a43c2db5bd0
2,W,0x34500f40,0x36d843b8e262c0e24d50c05fc8d7f0e2
2,W,0x34500f50,0xc55754e3d26aa2736c293ace50d14f2f
2,W,0x34500f60,0xa8daf061ecafd8615156cc7168ebe3dc
2,W,0x34500f70,0x396100d96070d2cb2c665bd837db4141
2,W,0x34500f80,0xf05f5e61da6168ce514ae4e037d757d6
2,W,0x34500f90,0x66ebd9b657714a5ba8814fb866e732b2
2,W,0x34500fa0,0xd29558c4e600e05645d85729d1e46860
2,W,0x34500fb0,0x62f660006030df53655dd067b7ded55a
2,W,0x34500fc0,0xced930d26a4bad6df561d748506071dc
2,W,0x34500fd0,0xe472e42b49b858c81959d8c2686051bb
2,W,0x34500fe0,0x59ec6fd0e0c881535cc55c587856e1e1
2,W,0x34500ff0,0xe322535160ccc4dc5753b470616359dd
2,W,0x35500000,0x676635dedf61e3d36063e34dee63b8c3
2,W,0x35500010,0x67d74e30e700e3e7d3e35e4cdb6e513c
2,W,0x35500020,0x68e2b5b9d6d43a5cc55bc528efd050f0
2,W,0x35500030,0xe7553260f08759b5dbb55d57e2b1c3de
2,W,0x35500040,0xe6d3611e6dd558c66530ee57d96400d0
2,W,0x35500050,0xb9006758cfe3e6e2c66fdd32b4abdee3
2,W,0x35500060,0x22425ae23ed8a7623320c8ccdee141d4
2,W,0x35500070,0x6a65d4cfa0e28115d4346166d4d6c868
2,W,0x35500080,0xd3e32a4081d420f1e362f261d754ae81
2,W,0x35500090,0xaab540e36cd359635c55e1c243d4012e
2,W,0x355000a0,0xc2003c0340bc615b1c62d6d1e223ce6f
2,W,0x355000b0,0xc7b2016160ce6074ea63dde1c0b35217
2,W,0x355000c0,0x42d753b84344c2a2d039b8c2e3d154b2
2,W,0x355000d0,0xd946bae9643f369654664b6266574866
2,W,0x355000e0,0x3ce3dad3bb64dc650b4b64b2b99663cf
2,W,0x355000f0,0xf5b055cb59c269ecd7a160e56bd5d3c5
2,W,0x35500100,0xe35c41d5c7dee7ced545d65a60eed050
2,W,0x35500110,0xd501365ab0d748de522c55c4e1a5e7eb
2,W,0x35500120,0x5ec36bf1dbe2d437595ee5526b3772d0
2,W,0x35500130,0x6554e8a15733c7a03d3db8c05ccb7569
2,W,0x35500140,0xf55ebbcc67e45633c66ed93625d1e3b1
2,W,0x35500150,0x4354e074db5a3f50c24ab468e01c1bd1
2,W,0x35500160,0x51f051500f6258e4ff70ea5cead75152
2,W,0x35500170,0xe6c4f1cb2ae167c6e0d9edc951ded4e7
2,W,0x35500180,0xe0f2a395f04864ddadddcfe065c2ca51
2,W,0x35500190,0x38d14fc164583dd53157f1725da06751
2,W,0x355001a0,0x7000a55aee5be0e3e463306fcb61462b
2,W,0x355001b0,0x6cb474d6d55a54d0e1bfe0d568e83365
2,W,0x355001c0,0xd6e3333ab528db7019ca685fc4ec5bce
2,W,0x355001d0,0xcb6ae25737dbe8e9c1b4d4dae9e9c0e1
2,W,0x355001e0,0xb153b95ace64d3c698c3d639e954c8d3
2,W,0x355001f0,0x68b769ad6556386a69d65350615e32d8
2,W,0x35500200,0xe1956029598e42e0b0e333c6d1455a6c
2,W,0x35500210,0x645d98adb95567b1e5416653e2dd5a35
2,W,0x35500220,0x39e4ddc0c2b6695a59e2f0fa69e44be4
2,W,0x35500230,0x726d40ddb06041c05ce1dc6ad54cdf68
2,W,0x35500240,0x57e0df5b65ab625dd8d250cbd5e02664
2,W,0x35500250,0x6952c36550d954e5cb45e8fb515754c0
2,W,0x35500260,0xc9e45051a0c86a37534da3faeae15649
2,W,0x35500270,0x42efd65fc8d0f656dd3ccbe01c24b760
2,W,0x35500280,0xdfc0c3dad737594b71d76b6a03e349db
2,W,0x35500290,0x6559c904a1d6e77556d2679563ee5548
2,W,0x355002a0,0x53e0da5d57e833e7db35bee73ce25a43
2,W,0x355002b0,0x4a416368cae5525818d461235a4649a9
2,W,0x355002c0,0xdd5cb554d85056cce836d45ac763e908
2,W,0x355002d0,0x575fc6dbd8cbb856145f68dd53429d50
2,W,0x355002e0,0x30575fb6bdd16755f3366ad063ecd252
2,W,0x355002f0,0xb6d254cb40ebcad674d8ed528158f2c7
2,W,0x35500300,0x9ab8b7504d2043ea4b52ec5a3242811b
2,W,0x35500310,0xa7e64cde815aa329603af050680caf79
2,W,0x35500320,0x3755c16663ba5043e9d85308e8e8544c
2,W,0x35500330,0xd8c45057545167626065d1564b3e4700
2,W,0x35500340,0x64dce0683955f46a62cd445458bb4157
2,W,0x35500350,0xd00065e552d5e939676edbc0e0d9a701
2,W,0x35500360,0xefb2b950533c57656cbe546765e83ede
2,W,0x35500370,0x35c1b1e9c7215b59e8d049dcf21d45da
2,W,0x35500380,0x485550db924b59d6d14d006c527ab5de
2,W,0x35500390,0x5a609031f246c8d5cc4dfdb655645856
2,W,0x355003a0,0xcd6454b32763c461da23d135ede35d4f
2,W,0x355003b0,0xc4cb2f3bee65a5a3daa7ab61ea4b5263
2,W,0x355003c0,0xe7d7e6fd5c6ed8c2b7c4226051682f35
2,W,0x355003d0,0xe66054ac59e628e4f5643ae1e8d85061
2,W,0x355003e0,0x1d4037e0e0ed694dd5d35bb055c3ecd6
2,W,0x355003f0,0xd0dccf0cf053ea37d0c36667ee43b95c
2,W,0x35500400,0x4459d6595dd1d16254dce957a13ce25e
2,W,0x35500410,0x546250e203c8dace49e9bbf0ebdef0d8
2,W,0x35500420,0x7194dd5bd6733ccec2375156ccea55de
2,W,0x35500430,0x63bc3360c467c1511ae5d158a862c4d0
2,W,0x35500440,0xc2ebd66deb5be459d42466e061d672e3
2,W,0x35500450,0xcab35059633a59c75f5046b98e58665e
2,W,0x35500460,0x66cd51dace6166d6d0bd5b313050a42c
2,W,0x35500470,0xc8bedfd4e155c1c65913d7a0dc6161e8
2,W,0x35500480,0xe0a8e0ddc8b45552d36fbe302cd6525e
2,W,0x35500490,0xcfe2ecf157c16821664c29c24ddf6343
2,W,0x355004a0,0x90d95b64d901dc52585f28604dea5993
2,W,0x355004b0,0xd1f5695a410c49c76038bcd9e59f61e4
2,W,0x355004c0,0xe1ea51ef63eadd62ee527a5330409e48
2,W,0x355004d0,0x56d741e7b1d8e565d139d054d346b840
2,W,0x355004e0,0x5fdcddf2d54315e108e0d5cdd4526500
2,W,0x355004f0,0xe15de9e13aa3f0b0435036d538f06cf4
2,W,0x35500500,0x4cc6ed9be6dae0eb9ddad247470063d5
2,W,0x35500510,0xe55df0304cc5e75ab2e347d264e14220
2,W,0x35500520,0x5d64e0cb3d7158d347bb634150533237
2,W,0x35500530,0xdf50a5cf5160ee65443cc76b4dcbdbf0
2,W,0x35500540,0xded86b1f65e3492aa9d66f50436038e8
2,W,0x35500550,0xcd60d7716061e5e675a365db53ea6928
2,W,0x35500560,0xf0e3da51e9d7f0f0e72e61a3818f69da
2,W,0x35500570,0x34d9c1d1e8c027a3e3e4ad4ce4c54a62
2,W,0x35500580,0xd3ead5b564361b6c3234c0e335ccf5b9
2,W,0x35500590,0x656eed4d5f5d55525462d8c7d4e5d44b
2,W,0x355005a0,0x3e4a424ed4e15ec5cab1c5a25fdbedde
2,W,0x355005b0,0x65d6f2d15257c0012856c9fb6cd6d268
2,W,0x355005c0,0xae4333d8cf6452d2421bdf5fe445ba50
2,W,0x355005d0,0x73f0dd4d50da4feb3ae83881a9d58156
2,W,0x355005e0,0x57da4ee633d3dfd1e9f0a3d5b26463e5
2,W,0x355005f0,0x4370eb9a50e75bdad05b58645f5c2ee9
2,W,0x35500600,0x76b555b25c4e44ccd4c2d7d360696635
2,W,0x35500610,0x3eb71148d4e0b8a422695ceee5d5c454
2,W,0x35500620,0xf45a54505ca94046344ae0bab5555bd2
2,W,0x35500630,0xd7ec44546c653962cff4415dd1412adc
2,W,0x35500640,0x3fcdd6db6de1e0586032e3f05f6f51e2
2,W,0x35500650,0x66edce5ea0d429e2d43231e6e1e8b640
2,W,0x35500660,0x36d46bd64c64c55a4562d161aee4f668
2,W,0x35500670,0xe369dad1455ae598bf70479560565d6e
2,W,0x35500680,0x5bbe004063d9e5e34d5ce56149d035dd
2,W,0x35500690,0x6359d874b85ecb65d5423241d9d75666
2,W,0x355006a0,0xdf58606050c7615663c3dd6be65863e7
2,W,0x355006b0,0xe0e2e6316d43523aeb43e05055dc28be
2,W,0x355006c0,0x5f42cfe8505ed16159d0e2eea74e5761
2,W,0x355006d0,0xd0ee5aa1e4d24bd669e26bd3736139d5
2,W,0x355006e0,0x5bcab16fea5fcc17dfd8a3005c476729
2,W,0x355006f0,0xdac99db90e34eae0742363d7d4a822d1
2,W,0x35500700,0x4854d04bbbe2d4a3d3dfee42a9ba4dc5
2,W,0x35500710,0xdb4950e254cca2bec063396452476442
2,W,0x35500720,0xbd46d6d566e424bb0033e8cc6971eab2
2,W,0x35500730,0x6766d2e64063b25fb4e566ddbf0fc666
2,W,0x35500740,0x535d2a6bc5d65acfea95e55fd270b043
2,W,0x35500750,0x46ac43a555c544d7eaefc2565cd4edd9
2,W,0x35500760,0x71d257f3ea73c3602231c2efb3f0ef61
2,W,0x35500770,0xe0d42b5a59bbc8e65cc2deefc8e0c6d9
2,W,0x35500780,0xe7535663c25108a85226c8404bba63e8
2,W,0x35500790,0xebe84266c7e893e347eceb64ded26bf0
2,W,0x355007a0,0x1f50d151bd632a985eda69a6ca1cc7c9
2,W,0x355007b0,0xe260cf6061e442a6d6dcdeef5d62e865
2,W,0x355007c0,0xe7f5d1496852d9b1e1d2c0ecaf386ce3
2,W,0x355007d0,0x4b9562e1c040c0d95133d72960e6bec8
2,W,0x355007e0,0x675647d1e5aec0d5f54cb1db4fe0346c
2,W,0x355007f0,0xe95a60d5c5af686129d1d54957da631f
2,W,0x35500800,0x691fbfe2ba295c5d3d9ad1e9e53c3400
2,W,0x35500810,0xd69bd765d6e25e5d206635b1a7ce5443
2,W,0x35500820,0x6446db64d26477e0d069f2d055c04b00
2,W,0x35500830,0xd845dec2e6c65b5870d76b4dd4eb60cd
2,W,0x35500840,0xc34118dce3e7bcb9cb30584e53cbc6d1
2,W,0x35500850,0x6fd8b53ae463f00161685a5b5ed44ccd
2,W,0x35500860,0xe95962add74d6b4f2b63f051714ce3e3
2,W,0x35500870,0x625bcecc5ff45002d0e4439ae45b5a67
2,W,0x35500880,0xe5c6d2e268e350e643664da1e763d1a5
2,W,0x35500890,0xe42ce5d64f41e2655bd753643d3d4a27
2,W,0x355008a0,0x489ce5b37361eebdf598e5eacc6cc4e1
2,W,0x355008b0,0x6245e245b372ca97dfc246b94f4b4bd1
2,W,0x355008c0,0xd65044e0d069e48756db5152643fd73c
2,W,0x355008d0,0x81f1dee938306b744da562665cabc5d1
2,W,0x355008e0,0x6365cac6ac3b9920e5465243daca67f0
2,W,0x355008f0,0x526c5dee46c1bde3d65067d462664352
2,W,0x35500900,0xdda2d0f4dc5e15c6930181a3eee16840
2,W,0x35500910,0xe7e854e164644560e0e239a660e15ad6
2,W,0x35500920,0xd01ed5e0d15ad0c0c70143e053d51ee2
2,W,0x35500930,0x5eca098ad76fb7c65d525dacc3e355b0
2,W,0x35500940,0x65d75337d7c5563b68d550d867706276
2,W,0x35500950,0x212337c347f04e6136f199ce65e66460
2,W,0x35500960,0xcbc5e160d748e85d5b60e3dee160e0a1
2,W,0x35500970,0xf54dd9e165e03660616933e25e5a5ad4
2,W,0x35500980,0xd14cc1de5148d7d5c63a5f49c7696541
2,W,0x35500990,0x3dd2620c2969f426f03126e4dc38c0ce
2,W,0x355009a0,0xecdac19e37b970e3e26ccc7663d1dd60
2,W,0x355009b0,0xd2badcdf5ec34263d1d35ada56a1b471
2,W,0x355009c0,0x64dd89cac7d0e44b4e3cdde153d6dbe6
2,W,0x355009d0,0xc04b1c301e443dadd1c3e5b4a7365d33
2,W,0x355009e0,0x595c39c441dceac8e14252d8e53360e3
2,W,0x355009f0,0x614b4172e7d65b3023d946673d9ae2e1
2,W,0x35500a00,0xe25458715934e045a665e155685f5038
2,W,0x35500a10,0x6a5b29bec75269d8454163f09cbb4471
2,W,0x35500a20,0xaf4468546ad2d4de8753e2eba4406dda
2,W,0x35500a30,0x4850ddc1dd564a5f590050e6ca3cd612
2,W,0x35500a40,0x4553dd7076dcd9d5be633d6270515722
2,W,0x35500a50,0xc34ccc52aab931e5dae8dfc44357ae61
2,W,0x35500a60,0xcdc6345f6615f4e9ddf466e05ee1a843
2,W,0x35500a70,0xd949c562c40266ce3214d2a2cce8f1e8
2,W,0x35500a80,0xd6686857d8d32230da5163c05a63d261
2,W,0x35500a90,0x52e34845e4ced7a4cfed55e25d40e6c4
2,W,0x35500aa0,0x4048c45bbe6118d3e3d2c5dee258cbba
2,W,0x35500ab0,0x5ad02b63eba6596558df95cedf32da65
2,W,0x35500ac0,0x5fd76edbcdf2e0c441d97160bb4820a1
2,W,0x35500ad0,0xcddb30d16b3f206e65d852ed55e5673e
2,W,0x35500ae0,0x5427dddd614663e1ebd8b507b178c96b
2,W,0x35500af0,0xf1dcfbcc65da52560053d06645e16176
2,W,0x35500b00,0x45e16b443f6e669dd35345c6e55a5c50
2,W,0x35500b10,0x6613bfb0c855c360c15a58e91dbae96c
2,W,0x35500b20,0xdbc8c2d4eb26506628d3d6e14be35262
2,W,0x35500b30,0xe1cb50e1d150db65ebd0d34066e56253
2,W,0x35500b40,0xc8d9d85857d3e9dcd950e370dda8e86e
2,W,0x35500b50,0xd1e667d9eec3dd50beb1f54656625967
2,W,0x35500b60,0xd453b6cc594de3fb2445d0707469533c
2,W,0x35500b70,0xdde218401169e7d2e5e1d9dfeb474e49
2,W,0x35500b80,0xdfea105ee9e4c6c8b658ec28455fdcea
2,W,0x35500b90,0xc15a369aea49c664da6e4e445750d164
2,W,0x35500ba0,0x5ed347e9cab6dc6160493251e33a4741
2,W,0x35500bb0,0x4f506cbdd7cfc2ace642def2524966e6
2,W,0x35500bc0,0x3acdcc51cbe05dbc6e9161f1d450c55f
2,W,0x35500bd0,0x444ad63bd240b0d75add9ee1efdc489a
2,W,0x35500be0,0x4e35cfca44415c516adcc1e5e17064c2
2,W,0x35500bf0,0x9eb9d6e56ce45761d6b4dadb51515be3
2,W,0x35500c00,0x6b54d170f0b567bde1904c5ce8416620
2,W,0x35500c10,0xf634e160e7014cbff653a4dbe5cbe350
2,W,0x35500c20,0xb75e3661cbda5ee8e013c14fe8eed459
2,W,0x35500c30,0xe2dbd8e2c4dd4a11bdd432e05a33f5d5
2,W,0x35500c40,0x6b63c1db45d8b4e435b0703535c1dbc1
2,W,0x35500c50,0xef652167bb41d6e6644e574a73706546
2,W,0x35500c60,0x6763e6e251d4ec983675cedcdee0d560
2,W,0x35500c70,0xba55ea485b4dcb615b6a5360ca5f5899
2,W,0x35500c80,0xe660b5491540c0bb6062e9e9555d9e1f
2,W,0x35500c90,0x6ab14f485c3b7242534ad6f2cb5170c6
2,W,0x35500ca0,0x46204ddad26165def05bcf2757d46054
2,W,0x35500cb0,0x5d72e1ece1d9cbd6e0e8ed496662f914
2,W,0x35500cc0,0xd5d6c66840e250d531e0ceaedc7545ea
2,W,0x35500cd0,0xe269d9e2cc6152d2818753682d3a3fe5
2,W,0x35500ce0,0xc0d83dccb536d9d8e36554d86236564a
2,W,0x35500cf0,0x47c3505148d661d4dadbd08f60854714
2,W,0x35500d00,0xe8e1cfa7ece86253e653b7425269dbe9
2,W,0x35500d10,0x533847565366e0c44868455a6762ae58
2,W,0x35500d20,0xcae33ab5de5c554ea95735df45aadfd9
2,W,0x35500d30,0x38cc656b5c41e5635146415a5663d8e2
2,W,0x35500d40,0x66e0332a5ae3c7dc27cad7db485f56d2
2,W,0x35500d50,0x6cd5c0d2b3865cdc46665266585d3df6
2,W,0x35500d60,0x51d4505c602d425241396158bf5b3e53
2,W,0x35500d70,0xe8263781cf6359dd6449b4c1255e2d21
2,W,0x35500d80,0x53baeed09a319d6ee001c5c845d94666
2,W,0x35500d90,0x6245e1be3d4764d3e05150b0eae94be5
2,W,0x35500da0,0xe1d1cde4cff2e063daa4c8e253db50b3
2,W,0x35500db0,0x535ded42aeb360bb6239e0d1d8e5c6af
2,W,0x35500dc0,0x4170e7d0b937c6ba52426ccdc6c1c5d0
2,W,0x35500dd0,0x504949ece3e5575a2c5a01bc593a10eb
2,W,0x35500de0,0xe163d6356243e860f15f6be3b909c355
2,W,0x35500df0,0x41d2a453e429494e4dc5dac6f0302e51
2,W,0x35500e00,0xd31ee66e42d5c759e0676054ed7000c8
2,W,0x35500e10,0xd53e9d3cdf5bd05b63d5563cd2e111cf
2,W,0x35500e20,0x5653eec93c812138d4dca4c2c9634063
2,W,0x35500e30,0xc5523fd7e3cbe6d19af1e12edcd945c8
2,W,0x35500e40,0xe1e5d7635c2a656152683be66d2476d1
2,W,0x35500e50,0x2a372186c6c5d0e1c3e5e15ec7622ac9
2,W,0x35500e60,0x59705a5ee5bdc25e715a7549d9cf32c8
2,W,0x35500e70,0x62acbc41e3e145d1b223f1c9e4c553ec
2,W,0x35500e80,0xe34f54e33e41e3f15f442fcfd25ddd55
2,W,0x35500e90,0xd05a5d665e67c26427d1e1ce1553e6f6
2,W,0x35500ea0,0xccc35255bde3dd1f4472d8dfcc41c030
2,W,0x35500eb0,0x0774d444eac22253cbdbc56e5de03b42
2,W,0x35500ec0,0xdd63b9b1f1dcbdeedc3a57dee543d9e6
2,W,0x35500ed0,0x57b6e261cb5565c0d8a860c0db66d451
2,W,0x35500ee0,0x65d4dc6227e03d2eef55dc683153e5dc
2,W,0x35500ef0,0xeee1c34142b546245566c4d20fb5395e
2,W,0x35500f00,0xcbd8e0e953e8a8f1683d6de9c2e02c4b
2,W,0x35500f10,0x635b5e67dad6a83ac64e6952c8d1d641
2,W,0x35500f20,0xbbc55b3326e23389d6dc486f5eb64366
2,W,0x35500f30,0xd5e064d44cf0b61e705b4b554fddbeac
2,W,0x35500f40,0xc15844625920c1bf465964559bc566c5
2,W,0x35500f50,0x4ce4e7214e6fb0c1b45fdad598dc8449
2,W,0x35500f60,0x4c684de0cd345a2e465fbf4a6dd4b4e0
2,W,0x35500f70,0x44c6d16166d0a668e0405d9ed45b5532
2,W,0x35500f80,0x4b61ac42604bba52e5d66eb943815262
2,W,0x35500f90,0x55cbc7e0dbb845d1e95a3c3cf0f36448
2,W,0x35500fa0,0x5b6dc6d3176de6b3e6d2e36b425f70e6
2,W,0x35500fb0,0x56c64ae044e0d0d0c848b9ca53222fd4
2,W,0x35500fc0,0xcf48d04beb5166b664c957d1584eeed9
2,W,0x35500fd0,0x5ad8e0e15525dee35951afdd5d7468ea
2,W,0x35500fe0,0xd05e4ee969d5ed5451453c61cf4e40d8
2,W,0x35500ff0,0xebd4d3b2d1d5d4d2d3254fcd23b6615f
2,W,0x36500000,0xe13f51a5435861daa3d5143dd55f499a
2,W,0x36500010,0x6158d03eb2c3aae043e4e9939bddc641
2,W,0x36500020,0xa0ebd0d0da055462d440d23f3e326859
2,W,0x36500030,0x5ad6d953def15b31d9d7b53be45051e1
2,W,0x36500040,0xca5960d8b4ac55dd56dac600ea6b46c7
2,W,0x36500050,0xd71065b45455dee2e5df69816ce65a45
2,W,0x36500060,0xd260cad5dbf02f69d2e2c940e052c4dd
2,W,0x36500070,0xd1cd6e57cde92a32b5ef5c57a6ac4ad8
2,W,0x36500080,0xe2396550634e8de40a33dfd3cd11e04b
2,W,0x36500090,0x54cad8d3c1d153d8e755d556a33b3861
2,W,0x365000a0,0xafcce2d946bae0dbe456e1596ab15ee2
2,W,0x365000b0,0xd755006ce14f43055fc46b42c1a1b3d7
2,W,0x365000c0,0x629f5fc2666cc44871c26ee0c75d545e
2,W,0x365000d0,0x55dded0056a36c7125ce74b74b5d5c5d
2,W,0x365000e0,0xe2e570bfe9725948e660554c54c1cadb
2,W,0x365000f0,0x9824dba15fdd58ea668b5bd1723253c2
2,W,0x36500100,0xd0dad05ab5d14a716a5ebb6cc957e1eb
2,W,0x36500110,0xcd64d13a6f62d75ac51c45565014ac45
2,W,0x36500120,0x5ae66fe1003a5d62e35555465351e05e
2,W,0x36500130,0x72216160d55ae66ceac152ebc1cb63db
2,W,0x36500140,0x5ec7c4cbe1e66804f3495c58c6d44865
2,W,0x36500150,0xb44160c8225abd3c64d527cb629ce843
2,W,0x36500160,0x68dc55e56c484cd2da624bd86ec75ecb
2,W,0x36500170,0x455bee503e4cb9b1cadcd04d56dbc3e8
2,W,0x36500180,0xa650ca3be9dce02de7e1a35f4e81db53
2,W,0x36500190,0xc8d2a9b4d3614be0e0e45d55c9d55465
2,W,0x365001a0,0xe0db59e0daf2c6614f4ed9d9cc47e8ac
2,W,0x365001b0,0x2b1650d3bdcfdc6d65e0cc50261bd25b
2,W,0x365001c0,0xbad1294233a8d230c5d64cde63bbe6e5
2,W,0x365001d0,0x50fa65b4d2e2cd7319e0e0b6d0c4def0
2,W,0x365001e0,0x4e4bd7d2e3ded26fd65bd454c8dce0a2
2,W,0x365001f0,0xed5827d473a2b8e759d963d1c44f73d2
2,W,0x36500200,0xf05b5ad64785dcbfd5dd6160e6545a41
2,W,0x36500210,0x5063605c60d0ba241465d7ceb0c76fe0
2,W,0x36500220,0xe4e45563dd5ddfe36ae05e64c964e230
2,W,0x36500230,0x63e0cbc853ca63ae646ab9b23ec24635
2,W,0x36500240,0xd6aae3d1e2bed15ed164cc5f4d4b12e0
2,W,0x36500250,0xf21ac22cc6d6c971d9c84a3b4fdfe440
2,W,0x36500260,0xcab7440d20e5de3fd34664db31b630e3
2,W,0x36500270,0x63ecc846cd43d823d5c0d1e46dcf63ea
2,W,0x36500280,0xb3c4c62be15dd661dcf8e463cb6653d9
2,W,0x36500290,0xde3e69f1cff5c3d6ccf35c6464e4df54
2,W,0x365002a0,0x4e42da562d6bd44f676ce95062463a50
2,W,0x365002b0,0xd15055f4735f4503e8b7cbe3615a69c8
2,W,0x365002c0,0x3b26cc5e5f57d0b0e7254fd2cd7352be
2,W,0x365002d0,0x41a4e388505be464eaedd9a927d65d54
2,W,0x365002e0,0xf0b7dd69db2f54b1c3c960a964e053d1
2,W,0x365002f0,0x5bc3c7e2014be33ed99ac5523281d3d6
2,W,0x36500300,0x615ed9d2693a7057e815545c6181d2e2
2,W,0x36500310,0xc83ee35ccd58dd62d25be7635561ba45
2,W,0x36500320,0x65d04d68601f6fdca0d7c6e7e954e165
2,W,0x36500330,0x3be4512edcdb4dc956e55068d71e635f
2,W,0x36500340,0x6c4c66d6b8e3e395d3efc03beb45d551
2,W,0x36500350,0xd2e5c03bc660e1ddf1da4ad5eb6065e2
2,W,0x36500360,0x6de4cdd409f6e0e2c8df66e13658c0c4
2,W,0x36500370,0xea53962a53456834b907e557edbb55e2
2,W,0x36500380,0xf5f0d4cfb7575cb5630057cddc4f665d
2,W,0x36500390,0xdc05155563e1e6c0d8afdae3e5c570dd
2,W,0x365003a0,0x34be2cc2c0af38e62754c1d5d8774737
2,W,0x365003b0,0x13e74b11ed43ee5411cbd1608e52c557
2,W,0x365003c0,0xd4cf5ed7e553404957ddf2cddc6cbf22
2,W,0x365003d0,0xde40d444bee272e769514fc0e25cd869
2,W,0x365003e0,0x5cc1cfddf171c3c0e06172df2bd9e0ce
2,W,0x365003f0,0x62d36347e5525160d1e536db49d8c16c
2,W,0x36500400,0xeab35fd2d25e63d637ebdf50534d52a4
2,W,0x36500410,0xcd7254b466c7c5e3d0e1cb5ddade45dc
2,W,0x36500420,0x4315cf6761586260e8eb4763d8ad706a
2,W,0x36500430,0xca66dfe8decf6f5896123dd34bcd52bc
2,W,0x36500440,0xb9b3d86468544b63b551d6bdaa49d6e0
2,W,0x36500450,0xec01616162db696a4b6159325ac6516d
2,W,0x36500460,0x64216fd0df55eb66baf7a3c5dfdb3691
2,W,0x36500470,0x40e149ef732a42f4cc63624d60eb352f
2,W,0x36500480,0xe25661abe14360eaece3d82149e8e551
2,W,0x36500490,0x624646504ec7d95dd169d88163c0f2e0
2,W,0x365004a0,0xe6d50a56b67064c9c65893d0e9e33857
2,W,0x365004b0,0x60d83b68cb1153d646525466d4e652d1
2,W,0x365004c0,0x36dccd54b2ced3ab55686b38deb6d0d1
2,W,0x365004d0,0x4a3db83b51545ee593e1b29c6032c8e6
2,W,0x365004e0,0xd9be36d80063586aed483ad660dce6d5
2,W,0x365004f0,0x466459f1bd525c24c0e05ba4565166e5
2,W,0x36500500,0xcdeb664662d7ef5ad7344ae248d6cf31
2,W,0x36500510,0xe35e00c23762e9d8d929e42730e352be
2,W,0x36500520,0x3348e4ebcc44f14ed46a455ae40b6b61
2,W,0x36500530,0xe872362f626468cfe550ba1757ca3a4a
2,W,0x36500540,0xe761332b56acee455260ce63956376b6
2,W,0x36500550,0x55f05252674253c153cbb662ce43b323
2,W,0x36500560,0x5100c9c0cedb6767d0ea02e062e0f174
2,W,0x36500570,0x9ed98edf006151d02e283b51c34acd9b
2,W,0x36500580,0xa3c6bce95b64cdc6935ad04b9e6fcbd5
2,W,0x36500590,0x6a5df00130c6d95c57532960e6bbd1d4
2,W,0x365005a0,0x50467543e7f0ca126e014d53e65bd3e5
2,W,0x365005b0,0xc2d15856c3de66e2b85a6759b0423d53
2,W,0x365005c0,0xdb7853d6415fd7705746bbc463cdc9b1
2,W,0x365005d0,0x1c213051c81739e1da4352de3334e161
2,W,0x365005e0,0xdeca5f5749256f226368df989c5162db
2,W,0x365005f0,0x46ea291bd858f4c8e04b6c652b42dece
2,W,0x36500600,0x63d3ee25e5c6ea49bee8e4595b54b262
2,W,0x36500610,0xbd633fc35f12553a3e36bf69e34b5cdc
2,W,0x36500620,0x5b5c2dcc6264d4ceca5adcdbe65bd7d5
2,W,0x36500630,0x595d60e8aed3606268b66945414d37e8
2,W,0x36500640,0xe8c62653f1c6cb64b83a64debfaaf35b
2,W,0x36500650,0xba4ed0f3b8505fc2505c23be36f47630
2,W,0x36500660,0xddd40023ebc3c2df6c496b36547c1251
2,W,0x36500670,0xb836cbc9af5a6fdb51e82b59dc68444c
2,W,0x36500680,0xd7d4d1635ee25a48c563646452f028e2
2,W,0x36500690,0x5300e65be23753e946a100c79768e6d0
2,W,0x365006a0,0x52ccd85956c0d5e7c66a5865520064c3
2,W,0x365006b0,0xa05f35d750eee0609d636569e7e7cc42
2,W,0x365006c0,0xe9e2e6e0ec495e30d243cce4c024ce52
2,W,0x365006d0,0xa6595332f2503a50efd3dceeb174e3aa
2,W,0x365006e0,0x257060652e3c56c73ca851c6beb7e7b6
2,W,0x365006f0,0x4ad12fd65267ecd268606045e0db2ee4
2,W,0x36500700,0x73f751df69d6314ced6799653bc06157
2,W,0x36500710,0xcb6d5ddcb2dbd170bc5fe2265462f054
2,W,0x36500720,0x54c246e5c1e2b1e84644dfd5c662d140
2,W,0x36500730,0xde34565dcdb45ae88ac29b9ae6420ce3
2,W,0x36500740,0x69d45c5a68cf63f0f25150bbe4c98140
2,W,0x36500750,0xd978dbb1ddd24d5abcc960d723a930c8
2,W,0x36500760,0xf649e0d2d4d1f02ad3d1e035d0680061
2,W,0x36500770,0xc2414f2642586256e12063e4e7e852f0
2,W,0x36500780,0x4f63555ec66732234245de42e2e1d152
2,W,0x36500790,0x65c2604962b233326957d8d3d68169c3
2,W,0x365007a0,0x5fd1ced662d5e3706958e01fa5c6c359
2,W,0x365007b0,0xbb5bd3b913d0dbcdb96874545ddd3dc9
2,W,0x365007c0,0x49bca5c4305165d2d081509366d756df
2,W,0x365007d0,0xca0199f170a273e1cf6054ca3758f152
2,W,0x365007e0,0xcce1634b5e361641595c60e0e2c6e660
2,W,0x365007f0,0x4744e055ebb1d15ff4e05274cfde54cd
2,W,0x36500800,0xcee959ce906d5c5749d8e4ebd3d9e34e
2,W,0x36500810,0xa149e049e04d46e6e02a64c657eddfd3
2,W,0x36500820,0x68dae134d5e3c9602ed0ed5f20ed4762
2,W,0x36500830,0xd44e4234dd6962ebb0c1c263e2d143e7
2,W,0x36500840,0xcac42fd76f5c5c64d1e251e9d3ebe346
2,W,0x36500850,0x685163c1a5d13e655ee5d1d3cd57d3f0
2,W,0x36500860,0x77704dd4cb3fe45ed9e3ec494adedce0
2,W,0x36500870,0xb36265685e5c6ad857f4cd2ed066e325
2,W,0x36500880,0x5e18e76c43e84cc6d5f457d00a56f062
2,W,0x36500890,0xbf668de1c855d76bcde2d75c47d3cd42
2,W,0x365008a0,0x2dc0522f65130022df2858d0503cd5f4
2,W,0x365008b0,0xd8e452eac8b7abd635d8a431aecad7d5
2,W,0x365008c0,0x5ed235e03e2ed05a6d881bd8e069dee3
2,W,0x365008d0,0x2042bfdb5e5240c7265e4dea2adf6541
2,W,0x365008e0,0x66a89145d45b643f53c5dae92d5e6ad3
2,W,0x365008f0,0x6eccd26176d4d25f4ee873b7d8a1d305
2,W,0x36500900,0x6caaca63c624d6535c5c5eb051c649d7
2,W,0x36500910,0xb6b65bbb2e51d0f065d4c0ed6ecfc760
2,W,0x36500920,0xd3d455df574f73d2ea606c555be757d2
2,W,0x36500930,0xe0cdd4bfe19fd79062a7ded6c255ec65
2,W,0x36500940,0x5dc0764f4142bad5d7556ae539d9d3f1
2,W,0x36500950,0x375be538c748b8ee4159c1c0d560686f
2,W,0x36500960,0xedd8d8dcebe9c52c71664a5fe5de425a
2,W,0x36500970,0x2f3f46c947da5952d9b06251b3bf2e5f
2,W,0x36500980,0x6dd161d4dc69dfc263b1e03be42fd1e0
2,W,0x36500990,0x00e65de0e2e5715f60e35c68e75562b1
2,W,0x365009a0,0xd853bd5bea512ddc223c2dee562f6661
2,W,0x365009b0,0xe24d64e6cc6b4b375e4fdc33e54de54d
2,W,0x365009c0,0xb7c85fc369604063d25de250c74da06a
2,W,0x365009d0,0x24ca9bde7ff569465084de25b5406159
2,W,0x365009e0,0x56c4d2435b6164f364d75656d165d2ad
2,W,0x365009f0,0x83dce35bdddcbbb4dbe345ccee41b73e
2,W,0x36500a00,0x51e9efd7f0dbe056c262e341d24d5bc8
2,W,0x36500a10,0x65a1e862e14c545243dcdde8e1c4d8e5
2,W,0x36500a20,0xc65741ceb3d5d9c50955ec6b56632d41
2,W,0x36500a30,0xcad322e9eaeae13fe45a585767e0e3e5
2,W,0x36500a40,0x4951dba85bf0bf54dc6ef4dde2d7cd60
2,W,0x36500a50,0xc834c0bf5ef2dbf1e3f0e5e6a052ebd6
2,W,0x36500a60,0xc4d2e5445a6973d0e13638d63e5862e0
2,W,0x36500a70,0x5066e6d1546232e058dfdce26f444ff0
2,W,0x36500a80,0x53e3cb5cc6da61f1ddd767e3d4f37210
2,W,0x36500a90,0x20a666be64e4c4ce65e6c03a61d1495f
2,W,0x36500aa0,0x40322463b6635e4856d0e2d76be3e573
2,W,0x36500ab0,0xe3c2ebe1734cb2d3615460c556a5eac1
2,W,0x36500ac0,0x42e0e6ed63a16a6263dab862cad4ec5d
2,W,0x36500ad0,0x2054e3e0d8e86e67576448ea5e57f300
2,W,0x36500ae0,0xa3d94f07b74c00d4655fca20e873e0b3
2,W,0x36500af0,0x3dc368e0e158474fdfd5c2e16663c6d9
2,W,0x36500b00,0xe800c2ea69eeb96858474ff0c9d0e15f
2,W,0x36500b10,0x75d3e1f1e2ede8e6511de450d8f0d686
2,W,0x36500b20,0x65c0d4b565e19fcd68ae3555e7dfdeeb
2,W,0x36500b30,0xc432e1c1da5def60d0795564651465f4
2,W,0x36500b40,0x5c66ed1649ccda4d6dd4543565435cb2
2,W,0x36500b50,0xe0e75d0053f07262615ae6dcb3cc46e9
2,W,0x36500b60,0x362b6737564651f0c6e66f4657434b63
2,W,0x36500b70,0xe653705858724fc91b645dd860e6a4c8
2,W,0x36500b80,0xf000d658d3bb5b4668635428f3da56e3
2,W,0x36500b90,0x6464e3b1dcdeebbed4e500dee5e752df
2,W,0x36500ba0,0x016ddcbad6e1e94fa7cc5ddac4eb64d4
2,W,0x36500bb0,0x51dfce6923c95160a871e4646826f468
2,W,0x36500bc0,0xc0cd61c552d8ccab595dd66054f03501
2,W,0x36500bd0,0x23e1e1cd6ae7dbdf5549d3d5e05b5bd1
2,W,0x36500be0,0x3f6f50a9c6f4ca5e51d901dad050e1df
2,W,0x36500bf0,0x4f625001ee4c3bc301e25b73ced20052
2,W,0x36500c00,0x67554767d6676763d25ac95400e070cf
2,W,0x36500c10,0xd4d1536bc75467e757b86d5166b8e4e2
2,W,0x36500c20,0x72da72c260f1a5d06fefd7d05dd0f4c6
2,W,0x36500c30,0x5c00e53b3b464d61543cc763d04b6dd8
2,W,0x36500c40,0x31625f563cb95d3c53ba3b4155eeb3e4
2,W,0x36500c50,0x5501cfb66710d14d5430d5c9daeddeb1
2,W,0x36500c60,0xc6ebe7c1b0e13dc4e7b64c9654ee2fd7
2,W,0x36500c70,0x4db7c8d0e9c024d4a7da9e49dde05340
2,W,0x36500c80,0x4d5a6bae609f30dcdc6c5af5dd323634
2,W,0x36500c90,0xce47dfdb4accc0b756706bc2cad5c7bf
2,W,0x36500ca0,0xe02bc662e3ea6ee35cc1d8ecd9ed6e5d
2,W,0x36500cb0,0x3f70d1244be46cd45ee0c55143f3dbbb
2,W,0x36500cc0,0x23b9c6c25ded71e1bf675bd659cd4f65
2,W,0x36500cd0,0xe6d7d3c995eff043dcea31dad4e355d4
2,W,0x36500ce0,0x4b49b6d7221c2be9d2f371dad800674e
2,W,0x36500cf0,0x63e92ee2d1d1605d504a345bb0fccbc2
2,W,0x36500d00,0xb4e6466fd1c750c95dce564dc63d485f
2,W,0x36500d10,0xdbead1dd61e3d24feaced2dfce58c846
2,W,0x36500d20,0xe8cc6db054cd4e61cea74145cd514763
2,W,0x36500d30,0x52462cb2cc6de19cd1e2195b495bd3e6
2,W,0x36500d40,0x504f5c4064e5e3dce35629ddd0e2aa41
2,W,0x36500d50,0x43e3e0633b4a53dc545fe75e41d7eb5d
2,W,0x36500d60,0xea3ac85e6b01e740d7732bed6b71bca6
2,W,0x36500d70,0x52b5d85eb0baebcca7c7e6ce570345d0
2,W,0x36500d80,0x386f633574ebd5e3713d5d556dbbd4db
2,W,0x36500d90,0xe266b4e50facc3dddbdb0c6fa953ed62
2,W,0x36500da0,0xe7aed76c00c9c70168d5d82f3f3cce66
2,W,0x36500db0,0xe45a5234655ff034d22a50f0693648a3
2,W,0x36500dc0,0xaee65c42286249b965e34cd0e83f4f56
2,W,0x36500dd0,0xe25bf2e16317515f5789d2ee5ce1c257
2,W,0x36500de0,0xdc72663794ec5f635a51d597d5d61b66
2,W,0x36500df0,0x61595857e8e1b0ead12bd6644ac65259
2,W,0x36500e00,0xe05b469fd3e94797ce5ccddf5750d560
2,W,0x36500e10,0x463fce61db906572b75beb5642f0b100
2,W,0x36500e20,0xc5f539d572c66bd6e056ce5c65eb5044
2,W,0x36500e30,0xe156cf5956e36065d3015732c5e6b766
2,W,0x36500e40,0xea3ed7c354df3acfb45961c065c9bede
2,W,0x36500e50,0x72485349d4cb5acdd8e350625d68a56e
2,W,0x36500e60,0x99d7e3616b69ed00f15c5e5550cfa959
2,W,0x36500e70,0x27c6834bd639df495e47584a00e3ea66
2,W,0x36500e80,0x63f2d9624625e96ae4964358bb28ce54
2,W,0x36500e90,0xf06951e3676759e1c600b0ce4ac86064
2,W,0x36500ea0,0x59d650686e3f03c65ac4b0a0e1e1c251
2,W,0x36500eb0,0x5861d3e2cf6ac8583f5e43c7815d4de0
2,W,0x36500ec0,0xa0e8a4604595c344adc44628463edfde
2,W,0x36500ed0,0xde4a46edefcb41406b20dc4e6fdecddc
2,W,0x36500ee0,0xda706639dc3f56dad1e7205f4e4df05b
2,W,0x36500ef0,0xe733b6d5dfa36d225d48cb69d563e09b
2,W,0x36500f00,0x42c1576a53a2e5d96d35dec354493430
2,W,0x36500f10,0x4f55d4e1716bcc6a64e25665f1668167
2,W,0x36500f20,0xe553c0cc65e8d54ed0eedae7f3ded4d0
2,W,0x36500f30,0xd6d5d941e36dd4e85264bcd82942eee1
2,W,0x36500f40,0x54db784949e1d7666467e05a5865c95f
2,W,0x36500f50,0x6499d3bae7f2bb5f6bd8efdac6f2d4c1
2,W,0x36500f60,0x6bcaf4942f4c4632e16bcc20241df74e
2,W,0x36500f70,0x5467ed5cc0dbb4caa0f6dc46e6529cd1
2,W,0x36500f80,0x6359dae86fd95948da61b8dd522f63d8
2,W,0x36500f90,0xedd3c16858d3e543cbd57172c62f6d60
2,W,0x36500fa0,0xd1bc5b4f5f58eff2e2e6eca5c8d15cd5
2,W,0x36500fb0,0x686297f1536b50e8ea223046f1a05c6e
2,W,0x36500fc0,0x5058ce3349e2e8b7e8e032d606e6bfc0
2,W,0x36500fd0,0xa2d6e683545edb31deead061de753269
2,W,0x36500fe0,0xdecdb72fe1e5d2585c6165a3539a6fb8
2,W,0x36500ff0,0x48e0615558cbc3c7c847e0d7d9da5527
2,W,0x37500000,0xdc4e6142b94944ed4de1e8ea62bfeb4b
2,W,0x37500010,0xdbdfe1d44db55eb669624cb6d5ecd1d0
2,W,0x37500020,0xb8ecc9ede669c25f9056d4dc5e116841
2,W,0x37500030,0x4ce3be916f4053c563535b45e2caf3d2
2,W,0x37500040,0x30c06c6776cb5fdbd9d9603ad1d54b97
2,W,0x37500050,0xf141ce3c51d6c5e423c9c1ede4e66531
2,W,0x37500060,0xe261556cd6b85aecebb132c5c8605967
2,W,0x37500070,0x43e4d4e1b45f4235bb694cb7e244cd62
2,W,0x37500080,0xb6615a4f64d9646d8100e5caa7ebebaf
2,W,0x37500090,0xc84f57a8d9d5683ce2f56453ca61ac23
2,W,0x375000a0,0xc2de715967c150e44651bfc700c66250
2,W,0x375000b0,0x5ec35aa25cc4385664395fbbd551c754
2,W,0x375000c0,0x47d4bdf361b939cc856be08fe66ace54
2,W,0x375000d0,0xb957b4cde7f6eed4ece0c35034f16ada
2,W,0x375000e0,0xb96a7737996fc02153f063cbe53a69dd
2,W,0x375000f0,0xad5755e4d2b35ee35269ce0f516f5d55
2,W,0x37500100,0x37615af3375013445795d09d6b6062d4
2,W,0x37500110,0xe6a52f6747bb4759c5e1633f6e6fc2be
2,W,0x37500120,0x3c56dde2e140f19b6055c5d64df0014a
2,W,0x37500130,0x31c7ede0e86c41426a55eb3062645aeb
2,W,0x37500140,0x52dbcfd072dfd27fdbbde248b5c03257
2,W,0x37500150,0x656c54556760d115b934d94adae73b61
2,W,0x37500160,0xb9005cc1d16d553dbfdded2fd4730038
2,W,0x37500170,0xcc4511e31d6349d85c63dd4fd45d4d50
2,W,0x37500180,0x635f6f5b51d7bf6061d15b58ede2c1cb
2,W,0x37500190,0x685156e167375d6664e557c94e60bae1
2,W,0x375001a0,0x20f2ee5567b13e6bd360466858da58ee
2,W,0x375001b0,0x46dfd152da61e140e06ed3e0cae521ca
2,W,0x375001c0,0x664ced36e560814e42895a90e343d655
2,W,0x375001d0,0xf1cf73f963d566e2c040cb72d7c34ebc
2,W,0x375001e0,0xc06bd1695901e35cbf6762c4d14ad04e
2,W,0x375001f0,0xc2456e39e0caddb36d57c44fd606605e
2,W,0x37500200,0xc122d439e502dde167d54223565a42d4
2,W,0x37500210,0x62d9e0f0e5b19de2eed0cc6a345ee452
2,W,0x37500220,0xe0b77756d7e1cf37db4e614edda0eb48
2,W,0x37500230,0x42e2b660c8d45d42d7e96848e9e2633a
2,W,0x37500240,0xc0615c65e258c2ddd4c6ebe253d4aae3
2,W,0x37500250,0x4bd7e154644f57d6e3d76fd3694fde9f
2,W,0x37500260,0xb9484f692cc1d948d638e5d1c0666671
2,W,0x37500270,0x292a76c3de4eeebc9a5a5050d8e6e8c2
2,W,0x37500280,0x655f5a67e700d8ddb9680069d9f8515b
2,W,0x37500290,0x014857e0ebd6c2e4d66082654ea3a9d1
2,W,0x375002a0,0x625d83d5d6dd46bba2444be665606646
2,W,0x375002b0,0xd15241dbb661d85c6044d8d0e5cfb85f
2,W,0x375002c0,0xc8e15356625ef2d1f436d35ee464cd63
2,W,0x375002d0,0xdbebea59dd4ddad76a3b655bdc446052
2,W,0x375002e0,0xda37e4b8e6dd40dd5369da656674e0b1
2,W,0x375002f0,0xf51e5664a8f3cc254570db38de4cdcda
2,W,0x37500300,0xc94c65ee41d48d45bfcd9dcdb3c22869
2,W,0x37500310,0x3c7058d060344da7dae249cb5bd2e26c
2,W,0x37500320,0x66a1dad0bdc05cdd6bdaf2c845cd6d54
2,W,0x37500330,0x81f35430d6e601dfd02f44fd5ad1bf64
2,W,0x37500340,0xd96c30d0c56ae25f556d5861f467e5d5
2,W,0x37500350,0xe6c2b4645be246d9c43acc456781f055
2,W,0x37500360,0xc67454646b36d13a6bb35836604600c9
2,W,0x37500370,0x60a501cfe46b5df566583162b9c2f16d
2,W,0x37500380,0x576de1b355c7f2f01fe6a95a68e46151
2,W,0x37500390,0x235120d7e86a1ad6df4b67f24752c459
2,W,0x375003a0,0x0059c850de684a6862e94f53c1ab00c7
2,W,0x375003b0,0x32c139ddeed8f24866a5ede4d86e6bd6
2,W,0x375003c0,0x51d9c5c35cd3d6e1ca57e057e0700568
2,W,0x375003d0,0xfab2403cc9e57ad264e1d8d726f17353
2,W,0x375003e0,0x578835f0ebd0a86054c65ae162ecb166
2,W,0x375003f0,0xd23b6cde7ad053e1c946d2e6685a194b
2,W,0x37500400,0xddbde72c58deb9eed8e1b2ddd7473ec2
2,W,0x37500410,0xc25323024f444b4415c25dba30a1c7d2
2,W,0x37500420,0x53634e59e34a2f515d5e6ac2e7e152e7
2,W,0x37500430,0xd66661e7e245c43e9b6dd5da3ebebe52
2,W,0x37500440,0xd3b9ce3fb5dcf3e162e29c4e50d06b56
2,W,0x37500450,0x5f565d3a405ae4484e6bd1ce514a58c2
2,W,0x37500460,0xd25665dbe32663615ae1d682585012c0
2,W,0x37500470,0x51375a7146a5599a5b5ac76b54b3c9db
2,W,0x37500480,0x5e410d474c633066edd9e6d26263dce1
2,W,0x37500490,0x5abda8d4df46d63bda3d3a37735351d4
2,W,0x375004a0,0x38ec32e2e4e0bca9b26233cf6262dd2b
2,W,0x375004b0,0x5754d244ddbfe9e9dd266cd143d3445c
2,W,0x375004c0,0xc9654355c9c274dd5547eb8342b7db54
2,W,0x375004d0,0xe4416258d5501d303dc9c1d814e048d1
2,W,0x375004e0,0x71d7a1612e81e7eabadcd3db65cc6055
2,W,0x375004f0,0xe891a7e6c55ed2bddb5150f3e0deced5
2,W,0x37500500,0xc1b400dc4054df4bbfd6e1c2d21146a2
2,W,0x37500510,0x6acfc0abc3e8563555b78ae55cb53442
2,W,0x37500520,0xe1e0c3f0024f564636d3e6d656c0d1dd
2,W,0x37500530,0xe0d440619bdd396ed3f530ea43615be5
2,W,0x37500540,0xe93b6a5b67606de35ae05b49e168deda
2,W,0x37500550,0x43d3675527d7bdeb22e2d66ec9685520
2,W,0x37500560,0xb94feb3f81dee4615fd8df50e46852bb
2,W,0x37500570,0xd6ae7140cad4c25840c9c734e458c3e7
2,W,0x37500580,0x4769b5dfeb72c9d53a69d0541ac9f1d7
2,W,0x37500590,0x746252996364d13319e4a75c4568df59
2,W,0x375005a0,0xc46b57d9e4d528b3ad6f61d5345ed191
2,W,0x375005b0,0xd4e4e5a9c0000f6febd37343bada52cf
2,W,0x375005c0,0x49ef50305b675d48d9c7ccdc4729c563
2,W,0x375005d0,0xe565e36241de5e814be0ad00bbe5d3e8
2,W,0x375005e0,0xe16ccc474d50814e50f150d644e6f2ea
2,W,0x375005f0,0x60d66d40d740c65119e3e33ca1e401dc
2,W,0x37500600,0x6e73c9eac451b742d5c2dae96d57cb52
2,W,0x37500610,0xdccd5dc0d1e1e363ecd050cd52644361
2,W,0x37500620,0x6a52dd5567a1d2593768debfda724561
2,W,0x37500630,0xb74dd5dde7ceb3d33b555468a629475d
2,W,0x37500640,0x3d655472b64865523c1ced81d2a063c4
2,W,0x37500650,0x67d6e164e0ee5a4dd269ce44505e6ee5
2,W,0x37500660,0xcc2e331f606e3667bf5bb96e8eda31d6
2,W,0x37500670,0x5f5feede6461e53bc15e34d0d5c1e2ee
2,W,0x37500680,0x54e7e24b6d562fee6229d3dae1b8700d
2,W,0x37500690,0x60476a583f34c9cb59d658c4dc6053e2
2,W,0x375006a0,0x31ddf042e1391ccdc66c6137d7b72ee1
2,W,0x375006b0,0x69cf6342e181ca30c3c7bb94dd67e158
2,W,0x375006c0,0x5a5056e740672c65b04e51e7b3b715a8
2,W,0x375006d0,0xd7cd56c2545bd027fab250beca504272
2,W,0x375006e0,0xcfe9bfdf62b6e859816159c262d6dfe7
2,W,0x375006f0,0x05c5deeaa5d93863e364b5d7da6b56d8
2,W,0x37500700,0xdee2736be2cbd7c2dee499dee7cb4d2b
2,W,0x37500710,0x69ac43ce72e45ae2e55f587152e4ea61
2,W,0x37500720,0x68dc6b5b0acff1e2e3e555c053cd7268
2,W,0x37500730,0x02b466d156dcb529b8c465c067605ab9
2,W,0x37500740,0x01e4e34d01c3caaad1ceec57d4cb4970
2,W,0x37500750,0x512b5367ded5482751eab4de85c090bd
2,W,0x37500760,0xd84e5f514f8c5a6b34c001c6735fe538
2,W,0x37500770,0xe900f56f5e5c42edc5a844d1dd5ce866
2,W,0x37500780,0x6c754b3d4163d855634bdb58e9e0552e
2,W,0x37500790,0x006d655fd8d5b0edd0d1bbab68d5ec81
2,W,0x375007a0,0xe0e1c4e791e2dca8dcd1ca585537e148
2,W,0x375007b0,0xe2c5f041e066cdd0c164706fe2ae8159
2,W,0x375007c0,0xeb4e645b5ac5d0f070f1d59ad43b6b52
2,W,0x375007d0,0x6e635446b7e357296df6ca55b65a0181
2,W,0x375007e0,0x466454eb456b00675d02595e644e56d2
2,W,0x375007f0,0xc2673151dba8d2ef60d06179f05857d7
2,W,0x37500800,0x72eb536be6c85626bfa3d25656ed5eb1
2,W,0x37500810,0xef7052d1f5ea5f11eb686ad2e0cc5b59
2,W,0x37500820,0x2dd954da57624be53f6893e8e5e7d931
2,W,0x37500830,0x4dc74fb4566832d157f0cddd623aa0d6
2,W,0x37500840,0x46d4c68c78373bedd0dcd836e1ef5160
2,W,0x37500850,0x8859a8e9dad34c60d6e864eeb7d06b5e
2,W,0x37500860,0x64c1d14460c65cc043c55043d25e67da
2,W,0x37500870,0x79e1e7e85354b7e269373a6fb7cdd1e2
2,W,0x37500880,0x19b9f3e0badf3ad5b4bdd0c02e3bcedb
2,W,0x37500890,0xb14750c2f5cad9ad385f6910c1ef606a
2,W,0x375008a0,0xb251e3545d50b2bb00ecc346c181e3ab
2,W,0x375008b0,0x356a34bc14dad244df5742aadc232560
2,W,0x375008c0,0xd3dbd3ccc7a5d54666d29f3c40d062d4
2,W,0x375008d0,0xcc48d8d34654ef4e5a37cd5ac06323e1
2,W,0x375008e0,0xc06cd75c70d82534d209b7baccde914d
2,W,0x375008f0,0xdadc6fcce36e53ccf1dcd74871545956
2,W,0x37500900,0x44e7d443d1ace167a5bc005ce2e74d57
2,W,0x37500910,0x474549956ecf5bb155d338d7eb3a4d56
2,W,0x37500920,0x376ef4ec64631badd146e6cdd3643760
2,W,0x37500930,0xa54fde59ceb15ce53bd538545dc9c345
2,W,0x37500940,0x446b5f417069e14a6fd258d9e4d11461
2,W,0x37500950,0xb5623df05d0a706330f267de546b2fd1
2,W,0x37500960,0x56c8d6365149d1d1725ee3e05b6f41e9
2,W,0x37500970,0x5303e3f042e6d5655930e899dfc9534c
2,W,0x37500980,0xf1bb59de02245fe663532ee0c3ce1bed
2,W,0x37500990,0x42542453a5ebb9e46b66c1dfe2c16062
2,W,0x375009a0,0xc3ec67db63d8dfc157d865536ecb4b57
2,W,0x375009b0,0xbb63dde84f67558336e0685c98e1db45
2,W,0x375009c0,0xe3dd18166647cbec61dcc3a533635b41
2,W,0x375009d0,0x5a6829d0e6475c46da555864b6bb0142
2,W,0x375009e0,0xede5c25ecfe456e0d5da3ec8424fd5e7
2,W,0x375009f0,0x2a6156495167d029e942da503e136100
2,W,0x37500a00,0x53d9ea53e46206dae2e43e71569839d1
2,W,0x37500a10,0xa075dfebd443624dbae2cd6da8a45757
2,W,0x37500a20,0x5153576196d7e5e33b3b60cfd6506950
2,W,0x37500a30,0x3cdad7f160ddaaa0645cba514e0b57e0
2,W,0x37500a40,0x70f5bbe85e506543ebdcb7cb00dd585d
2,W,0x37500a50,0xbfe8b3e84be7d06b24454a289edc6368
2,W,0x37500a60,0x5d54776173d05ed36302526151cf3aad
2,W,0x37500a70,0x51e944db3c6d67ca48f027417158e332
2,W,0x37500a80,0x5143dbe5c8d5235a775fdb4656602eeb
2,W,0x37500a90,0xf15e65585ed564b9dc4a58e4dc61cbd2
2,W,0x37500aa0,0x31e5dd35b4584b57e758f0e86ad145c4
2,W,0x37500ab0,0xe1f0e68169ad486b562bc554449b41ee
2,W,0x37500ac0,0xd5f0cd56366ee470d23650d800595d6b
2,W,0x37500ad0,0x8a6ce4b6d6e16b4ec200eddfd260e24a
2,W,0x37500ae0,0x5663dfe457e6b8465b236af0d3e348af
2,W,0x37500af0,0x59d95b67b0cdd864d4e9e1d5e0555f60
2,W,0x37500b00,0xce5250bbf15f55d9d352d400505573bf
2,W,0x37500b10,0xe972c2b5e4d75fd6df306849eee46769
2,W,0x37500b20,0x60a7cfe475c3c2d4c968e8ecc7c24366
2,W,0x37500b30,0xe8dad7e36ce113237055b15563563bd0
2,W,0x37500b40,0xdaea4c57e2eac4bdd7d1cfd872d3675b
2,W,0x37500b50,0xd863723fb1195b51df4966c4faece5b6
2,W,0x37500b60,0x68d4bb315de867d45ed4ca2758c9ef69
2,W,0x37500b70,0xb545bcdbd7d1def1e7294db454405e5c
2,W,0x37500b80,0xa0485ad25a664b55a255b1d55ccd58e6
2,W,0x37500b90,0xd7d5cc6be954c728d16b41b141cf6357
2,W,0x37500ba0,0x506435ddb95fdf3e422f63c309e270d4
2,W,0x37500bb0,0xd565ec3c0a55c60c9e56a2a54d544455
2,W,0x37500bc0,0xa75a7267e430106e4ca053e143d464e3
2,W,0x37500bd0,0x5ee2475353dad2f1e1d0ebdf2ce6c46e
2,W,0x37500be0,0x333737e9ea1de1c2d3b82bbac38152e0
2,W,0x37500bf0,0xe0d9efd46164d758d760d2635dd3eadc
2,W,0x37500c00,0x6466473747463556d42ac6d5c469c156
2,W,0x37500c10,0x6363d7624eb454d0e346e0d1da3864d1
2,W,0x37500c20,0xc2606edfd54260d812b3cdb7f05d7357
2,W,0x37500c30,0x60744ec3e270cedfe2f763e234270020
2,W,0x37500c40,0x5bdbbac8eb2ada622fdfad4c5cde61c3
2,W,0x37500c50,0x4a816ac3e4b5be6ae2d1d0e2d658db6b
2,W,0x37500c60,0x374fe9e261483fa7c6544304534658df
2,W,0x37500c70,0xed685b1956624d6150d64257e32e605b
2,W,0x37500c80,0xea4a65ed5cc3e5b567d451bb43ca31e5
2,W,0x37500c90,0xc24bf04cb7d0a5e4e461ebd55bba55e6
2,W,0x37500ca0,0xe6efe24b28495472f5d9e5ed5b00c5ee
2,W,0x37500cb0,0x60ce68e546bf4c4be3d5d65970e1c36a
2,W,0x37500cc0,0xe678b735acd9e36aa75de6d5b638dc46
2,W,0x37500cd0,0x600022e79fe0474ccbe12aa8d4bcddc7
2,W,0x37500ce0,0xdc5822e05048d95747dbe756ed3268ea
2,W,0x37500cf0,0x4c29efec66cccfc046d7bbd630caf569
2,W,0x37500d00,0x5cd45b37d25a49a3c477ec56604f57d9
2,W,0x37500d10,0xe83b61b869c2d8f3f9dcbdd97246d62a
2,W,0x37500d20,0x45611d5edc6c36d9dd6d57e0e3c1d656
2,W,0x37500d30,0x42246c57a0535252735dcd9c6af070d2
2,W,0x37500d40,0x3558535d8805c68cf158c7443f6e6262
2,W,0x37500d50,0x6a28f7e341e138d8543160d1e3c66e6f
2,W,0x37500d60,0x492b745232e24a504868dfe34058ece4
2,W,0x37500d70,0xe4d7df66d5a4cab3e25c5066b0dd68db
2,W,0x37500d80,0xe1e1de3cd2d332d7e2a1263dede2d4ec
2,W,0x37500d90,0x6cd65de2deeb69a251e2d2673c5e2844
2,W,0x37500da0,0xe7e16640284258d5da7bb954d75c2166
2,W,0x37500db0,0xd6d8d8aac6c36a28bcb06add1351e065
2,W,0x37500dc0,0xe3e46e6864544ee7dd9a6e12e9cbc8e0
2,W,0x37500dd0,0x48e74a398b6b54555028533738bd6757
2,W,0x37500de0,0x58c61be0eae269ed3461af5fe7d24ad3
2,W,0x37500df0,0xdf6fcfd66b53ba425ce3a04e44ca5965
2,W,0x37500e00,0x4c6eb96149d640475bd4ea5a37f26194
2,W,0x37500e10,0x6352cf4a615466b44572bbe53fd25807
2,W,0x37500e20,0x44e0bfdc5dcac73cbdd66d606659522f
2,W,0x37500e30,0x304761664d35656738d7ebdcc83863d8
2,W,0x37500e40,0x60a05a44bbb0e155d1d536e6ede0d9e8
2,W,0x37500e50,0x70ead13055605b55e8e0e8622f6d3ad1
2,W,0x37500e60,0x5d60ba46596a576c6399e4e4d64460da
2,W,0x37500e70,0xdc43c2c6e352d248bf60d16c57e662d3
2,W,0x37500e80,0xcbd06264d45be0e6d0e7f66c48f02cd4
2,W,0x37500e90,0xc1e438d94955cd3df2f109ce5ddd1465
2,W,0x37500ea0,0x3abb45462cc1c84a27e6dcef61d8e25c
2,W,0x37500eb0,0xb001ec4bce70e175d4dbe105645858e4
2,W,0x37500ec0,0xf1a13c5952ee48e1c3f057dd6cd46847
2,W,0x37500ed0,0x53efdf66caad3ce956686c4db9924add
2,W,0x37500ee0,0xd04de7bfec41d66f635481d135d70153
2,W,0x37500ef0,0xbdec47564d30ec8d23006165dd8d48e1
2,W,0x37500f00,0x92a2c7b9c750cae5c41cd8c1c742dc25
2,W,0x37500f10,0x66dbdbd4523ce200e0e459545d194761
2,W,0x37500f20,0xe5315a5945cb4dd7e700e55960cdd1c2
2,W,0x37500f30,0x6c48c1b162cfad626fc8c76a691452df
2,W,0x37500f40,0xd14ee6bd65d455d7a754d2ddd1625d5c
2,W,0x37500f50,0x5fe762653a36363769c63761c4ead343
2,W,0x37500f60,0xc24f401e67c3dcdee440bc545169d8e1
2,W,0x37500f70,0xd553e2c173ca68d954375567731ce2e7
2,W,0x37500f80,0x58df61f03cce5867623470d5d94a63da
2,W,0x37500f90,0xe0cae14701ecdce3606ccca70025d86d
2,W,0x37500fa0,0xd8e3c9d7525ed22de5d0ec56de1569e3
2,W,0x37500fb0,0xd2506d5c4148b8b45a540057540d446d
2,W,0x37500fc0,0xa9d2c961d2d44eeeecd7db6337c7d2d0
2,W,0x37500fd0,0xecdab258af5cef4fe0edbbd5a8cf3953
2,W,0x37500fe0,0xd33a58bfb2687065433f4d4065dee060
2,W,0x37500ff0,0x225ceb6658c35653e021e54be3006737
2,W,0x34600800,0x655a5f6bdf445969ca016950b44be758
2,W,0x35600800,0xc6edd355d75b5129bb95a0e564aae568
2,W,0x36600800,0xd8de5d575deceb5949c8d0535cd833cc
2,W,0x37600800,0x60c6c35c6442c4e5523500ce61695b48
2,W,0x33500000,0xe44de3c3e9d9d50043a34f8464d467e4
2,W,0x33500010,0x4cefe4e3e54ee024d261626b5464e8c1
2,W,0x33500020,0xd7c15240e4ce7ad4e92ce1155ec5a3c4
2,W,0x33500030,0xc6bed269d2b755cbd3ec276153ebed36
2,W,0x33500040,0xe149b6674450b93bc48951796cc9dfa1
2,W,0x33500050,0xd29971e75cd4d5e4c366c45461da59cb
2,W,0x33500060,0xed694759c2e713714ccae854c050c08d
2,W,0x33500070,0xab32e8a9e5d8316348ef67448e59cc52
2,W,0x33500080,0x93d5e8dc60d5d651b6e3dcb556e3e3c0
2,W,0x33500090,0xeef4a756af6a43e8456c5c6965b2dbc8
2,W,0x33500100,0xd4b05bc132e14293003ed969b371965d
2,W,0x33500110,0x4838dd5ce4dcde9b01675254605cced2
2,W,0x33500120,0x64e5641d6cd79ba7066033bbe7e0c08a
2,W,0x33500130,0x54bf55d2e058c9544c3cd064dbea9820
2,W,0x33500140,0xe8604851ebd05f536d1249bb59dedbef
2,W,0x33500150,0xd85662e449e93fe2e150607461bb6cb9
2,W,0x33500160,0x53e66ed6616267e125cc3035414ddcdc
2,W,0x33500170,0xe162b2c4e6e6db59c829f85bdce554e9
2,W,0x33500180,0xe3cf55c36ff36540bd3858e861d863c5
2,W,0x33500190,0x5de2ca4ee0cac6b4e27065f162c25c52
2,W,0x33500200,0xc95800d2b1f157db6be852c0e0d46857
2,W,0x33500210,0x5933e2685bc8e1d164e256e14ecae2c8
2,W,0x33500220,0x0067a5deba61413b62cce44c4253d197
2,W,0x33500230,0x1cc5a266e3511d736e53d8b7d0d05975
2,W,0x33500240,0xe2f9c7e6696ac1e1e1d0ccd6693fc871
2,W,0x33500250,0x4821cbf06d34c6576556e163d1b05779
2,W,0x33500260,0xc5e1605760cb50f027d5d638c7535acb
2,W,0x33500270,0x566433d23c6b495451cd59512d6ee068
2,W,0x33500280,0x2bd5d0e05ad5c6601ad1d6e5bd0768e4
2,W,0x33500290,0xeae781eb6556694f571adaef11f2b8f4
2,W,0x33500300,0xc85dee21c49be44fc4d44ce9563bd661
2,W,0x33500310,0x0b62ae6530d4677751d34d3c22595cdd
2,W,0x33500320,0x3c36b05e735244bfeb63e5be63535945
2,W,0x33500330,0x59d25d5440f14cf15a5864c2dc35d249
2,W,0x33500340,0xd5523881605dbf67e660b2dee4c6e540
2,W,0x33500350,0xddd2e85dd1dbd330c1be6c6269bbe356
2,W,0x33500360,0x6fe3f14600615d01c553e5d05551c470
2,W,0x33500370,0x44ded8ab49c1e5592c64004ddae45895
2,W,0x33500380,0xdd31e763c2e660316c3ba04852dd4eaf
2,W,0x33500390,0x426253e1404263f1cd0148d040c8696c
2,W,0x33500400,0xa046edccd6016be2d14765da5738ee56
2,W,0x33500410,0xe549cbbf685d63d8c2e5d0b49563e8e2
2,W,0x33500420,0xd51965de83ce60f1e0513e68b0da3b65
2,W,0x33500430,0xa4d793715c70da51e353bed8694bd448
2,W,0x33500440,0x32c5b44966af55c52244c2e6d25933e3
2,W,0x33500450,0xc064df52d6f0ed53f2c6e3d2d748adb7
2,W,0x33500460,0xd2a15e4b48e6e35ed0335a01af4058e2
2,W,0x33500470,0xd0f3b913d9c7416fc3dbe0d7f3d3f6e6
2,W,0x33500480,0x3c51e0e4e0f15961de4a28e2e06feb34
2,W,0x33500490,0xdad081dcc85b5659e46987d767e2ed91
2,W,0x33500500,0xf5c53dcfc1515a8b49df60ed5febc74b
2,W,0x33500510,0x5b42b0e3d954cf6860c4d6ef44d0bc4d
2,W,0x33500520,0xb1ed55f4a76f614adf484b01d24241c6
2,W,0x33500530,0x5d711505e7ee6bda13d8b86841e44dd2
2,W,0x33500540,0xc5745a553d5cd5e06eb0f263486635d4
2,W,0x33500550,0xe710d7345b3aacaec89cd4d3daf069e0
2,W,0x33500560,0x6fd2bf4562e4e0005866d86146d7e8d8
2,W,0x33500570,0xb5d4c15843e8385ad52f65404944d35a
2,W,0x33500580,0x46e7f4dab85bd7be62ed31db36576757
2,W,0x33500590,0x6762c4da69ed67d2e3d5dbdf53615449
2,W,0x33500600,0xd955812d58aee163d1da2ce2675d5eda
2,W,0x33500610,0x4dc46a5cd03fc746e8f2614ccec150e2
2,W,0x33500620,0xe9516a623d4f58dcc962dbe0be70b948
2,W,0x33500630,0xd45763b30253e66469e0d6b232b7d35a
2,W,0x33500640,0x595ed08f49d34b594e2b65f1d0b0bbc5
2,W,0x33500650,0xdac66ac2e2e0f1c32f911f402f59e401
2,W,0x33500660,0x5bb3deefd4473b2f5514b3d3c3d5466b
2,W,0x33500670,0xd248be636044dd60d3835b44b94c8154
2,W,0x33500680,0x2061d9df5e71e1c3ffd34a3aca376131
2,W,0x33500690,0xe15ed341dbd444d03fe252e4e4b362d9
2,W,0x33500700,0xd264d362d9654eeae1e0bb5f35e0d0e6
2,W,0x33500710,0xe361e1b6f1602b58c1e5e05219e2e1e2
2,W,0x33500720,0xec5a665c53ccd2c6be36b55ecf71e2e9
2,W,0x33500730,0xba57b8e901b2d8633c59416363715e3c
2,W,0x33500740,0x474c5ef450515bd44dea60f1c8c26816
2,W,0x33500750,0x5230b75b41405d57d8e45ad463698170
2,W,0x33500760,0xe073ee58a5686beed9de604745efba54
2,W,0x33500770,0x60ed6169c1d452176b81eb567102d7c6
2,W,0x33500780,0x5b51d2c6d7e056b1566b619cbae453c3
2,W,0x33500790,0x46c1d060d571d3c54f56b529465fe3e1
2,W,0x33500800,0x508be06c60cbde3bc15550425bb7d269
2,W,0x33500810,0x6af8f45ee5d9d5a4c0c1f16052dec657
2,W,0x33500820,0x61ecdb3861513dd836d66dc6630760d3
2,W,0x33500830,0xe0c330bb606d2860d5adede143cfc941
2,W,0x33500840,0x49ec49ced261adda355745dde36f4dbb
2,W,0x33500850,0x74c4d4a8506ac873b02a6326c9d507b2
2,W,0x33500860,0x4263e2b6dee4c0d4ca912a4cdaf1bed6
2,W,0x33500870,0x6bcad0dc4348d96057c25a475018da62
2,W,0x33500880,0x454b72e7d16ab5d5e7d1c9d5dd679651
2,W,0x33500890,0x4b4a42c73adae0d6226a5542c3cec95c
2,W,0x33500900,0x7169d55d530043d31a43d5db596f6357
2,W,0x33500910,0x745d5fe6e569d5515056d14f5cca6758
2,W,0x33500920,0xee5a65f5e325d8d0d8f262e1c0dc5543
2,W,0x33500930,0xe6575cf2d462ab5163e7c33bacd5c2ba
2,W,0x33500940,0x3e47c87081d044516261c460d0cbdbc3
2,W,0x33500950,0xe169c750e8e7d268d5d2ef4dd92fcbc9
2,W,0x33500960,0x4c317162bc5063e0cdc0e78a2bd04dd3
2,W,0x33500970,0x627046d54016d3175c5e93ed40372fbc
2,W,0x33500980,0xcbd5d26947d152debfdf5157665346e6
2,W,0x33500990,0xe4676556dd323e58111570d74fa0e644
2,W,0x33500a00,0xc13bbcc2ee413d596ed8c0d8ea6550c2
2,W,0x33500a10,0x5658de6855cabb44501072d421465465
2,W,0x33500a20,0x126a59cdc35ad0e22a54cf2161c359d8
2,W,0x33500a30,0xe6dfeb4febd6de5f4864b46341cc3337
2,W,0x33500a40,0xe1b4bce158df6fd6cc5a79b12bca6bcd
2,W,0x33500a50,0x603c4bd8d2265568b3d345cac0e6e1c8
2,W,0x33500a60,0xd5736ad7a2e5524c56675ac5e9c9f75c
2,W,0x33500a70,0x6425e35eac4b376792d14d566dcff35a
2,W,0x33500a80,0xbce0ed5463e3da43db5466e12e555bdc
2,W,0x33500a90,0xb1b7cfcee1e40d61815816e45270ccbc
2,W,0x33500b00,0x6158454c66d6554467b554d2ccf3d640
2,W,0x33500b10,0xd215ccbbeb45ec01515753f462d2cbd0
2,W,0x33500b20,0x6b3360dec2625ac45dbbd95a74f333f1
2,W,0x33500b30,0x636a6c234b57e0dad94ac6444d4b0049
2,W,0x33500b40,0xdcd1d6c1c64f4a67566fd45a40eae0dd
2,W,0x33500b50,0x5a405be14d32d6c7515430d434c5515b
2,W,0x33500b60,0x6b4aded068c520e5596f44e16457da51
2,W,0x33500b70,0xe1e5ede1e6b59f564557bf81e5cd3475
2,W,0x33500b80,0x565a5ef5c985d133e36ed622d95ab706
2,W,0x33500b90,0x44d5dc71d4815e64f5db6fb2d0dc15e0
2,W,0x33500c00,0x65e662ec6e71e0d8e5d96dd04da0e357
2,W,0x33500c10,0x4f6cd2d24af168cac953513f6e89b263
2,W,0x33500c20,0xe61bbd3ae356626181c8c500e25247ef
2,W,0x33500c30,0xd1a3d05181b96173ce60006369e1e0e0
2,W,0x33500c40,0xda4460de58cd686152d8503d5071e142
2,W,0x33500c50,0x5639ea59574861e0d64d4e4661d5e365
2,W,0x33500c60,0x31dbee30c031c9b4df7051495149b568
2,W,0x33500c70,0x52e772e943e1ea77e4d33b3a50e5afe7
2,W,0x33500c80,0x565b36f1c9bbd2e0e055e1d647de493f
2,W,0x33500c90,0xe0664bc92249deef5e8e65502630dec2
2,W,0x33500d00,0xd461e0b1dad362c558628daae167d6c7
2,W,0x33500d10,0x435ee164c761c35566b5eb57eec6e751
2,W,0x33500d20,0x53ea5431565a3930cb54de9d2bf0f337
2,W,0x33500d30,0x3460cee344ceb556c3cb6264d1d1e062
2,W,0x33500d40,0xdddce7d1d3585263c56251e041de4668
2,W,0x33500d50,0x69526653e3ed64d941deead741336250
2,W,0x33500d60,0x65e7e6d0e958d9d14b6040c9114026d1
2,W,0x33500d70,0xc53ad2bf63cdc9c0dc6f45d996b2535d
2,W,0x33500d80,0x53cae845662d25e5cad116e3f261508d
2,W,0x33500d90,0xe67b5f99d0d850be0056e9d8c96d37cb
2,W,0x33500e00,0xdadfde34d3bc70cc4262b8b02c1c3265
2,W,0x33500e10,0xdeb7d5e1db50f0e06cb6c6686c74d864
2,W,0x33500e20,0xe7cee653d5b95750465348445f6bc71b
2,W,0x33500e30,0x455aaf53edc4be3750645ad9dad464d2
2,W,0x33500e40,0x6adede63444d13705256e15c65bc81e8
2,W,0x33500e50,0x5ef7ec41630133cc6a544c90695d64ee
2,W,0x33500e60,0xeb5333e3d93573e5b6bad3aed9e0dc81
2,W,0x33500e70,0x8146c6d445d5483962d8d84ac2e8e2e2
2,W,0x33500e80,0xc8ecd4ca500ee040c0159de3e2c6bb5d
2,W,0x33500e90,0xa2d732a15de9595d25314edb62daebb1
2,W,0x33500f00,0x47d0546f05b84aeba952e9b6507ccec1
2,W,0x33500f10,0xbcbb3a395b00d3c3e2b04767c2e55835
2,W,0x33500f20,0x525b2f62e0b3c670645658bde12fe4be
2,W,0x33500f30,0x694f664eea53f368c05d2a0471d44fe2
2,W,0x33500f40,0xe1eac4e36cd8a0f65de35de8e8b75215
2,W,0x33500f50,0x61565967d561f2e5606bd24a49de5f5c
2,W,0x33500f60,0xebc1e3696132e0da635955d0e8ea4067
2,W,0x33500f70,0x33c66b46dddf5e91486243d7e950e2bc
2,W,0x33500f80,0xe357d2d7a4d6686702d36263475db617
2,W,0x33500f90,0xc768e6dae4636b89db45e064605dd650
2,W,0x34400010,0x00000000000000000000010101000001
2,W,0x34400020,0x00000000000000800000001003030300
2,W,0x34400040,0x00000000001000810100000403030301
2,W,0x34800010,0x00000000000000000000000102040001
2,W,0x34800020,0x00000000000000000000000000004030
2,W,0x34800030,0x00000000000000000000000000000000
2,W,0x35400010,0x00000000000000000000010101000001
2,W,0x35400020,0x00000000000000800000001003030300
2,W,0x35400040,0x00000000001000810100000403030301
2,W,0x35800010,0x00000000000000010000000102040001
2,W,0x35800020,0x00000000000000000000000000004030
2,W,0x35800030,0x00000000000000000000000000000000
2,W,0x36400010,0x00000000000000000000010101000001
2,W,0x36400020,0x00000000000000800000001003030300
2,W,0x36400040,0x00000000001000810100000403030301
2,W,0x36800010,0x00000000000000020000000102040001
2,W,0x36800020,0x00000000000000000000000000004030
2,W,0x36800030,0x00000000000000000000000000000000
2,W,0x37400010,0x00000000000000000000010101000001
2,W,0x37400020,0x00000000000000800000001003030300
2,W,0x37400040,0x00000000001000810100000403030301
2,W,0x37800010,0x00000000000000030000000102040001
2,W,0x37800020,0x00000000000000000000000000004030
2,W,0x37800030,0x00000000000000000000000000000000
2,W,0x33400010,0x00000000000000008000000400000010
2,W,0x33400020,0x020001800140010000c0008000400000
2,W,0x33700010,0x000000000000000a0410010000000001
2,W,0x33000010,0x000000000000000000000000ffffffff
100,Q,0x0,0x0
2,R,0x33580000,0x0
2,R,0x33580100,0x0
2,R,0x33580200,0x0
2,R,0x33580300,0x0
2,R,0x33580010,0x0
2,R,0x33580110,0x0
2,R,0x33580210,0x0
2,R,0x33580310,0x0
2,R,0x33580020,0x0
2,R,0x33580120,0x0
2,R,0x33580220,0x0
2,R,0x33580320,0x0
2,R,0x33580030,0x0
2,R,0x33580130,0x0
2,R,0x33580230,0x0
2,R,0x33580330,0x0
2,R,0x33580040,0x0
2,R,0x33580140,0x0
2,R,0x33580240,0x0
2,R,0x33580340,0x0
2,R,0x33580050,0x0
2,R,0x33580150,0x0
2,R,0x33580250,0x0
2,R,0x33580350,0x0
2,R,0x33580060,0x0
2,R,0x33580160,0x0
2,R,0x33580260,0x0
2,R,0x33580360,0x0
2,R,0x33580070,0x0
2,R,0x33580170,0x0
2,R,0x33580270,0x0
2,R,0x33580370,0x0
2,R,0x33580080,0x0
2,R,0x33580180,0x0
2,R,0x33580280,0x0
2,R,0x33580380,0x0
2,R,0x33580090,0x0
2,R,0x33580190,0x0
2,R,0x33580290,0x0
2,R,0x33580390,0x0
