0,W,0x33B00010,0x20402000000600010000000000001
2,W,0x33400010,0x10
2,W,0x33500000,0x22B948503205A900C281AA011E261B24
2,W,0x33500010,0x36346B4A56A8D421DA2A2221AC993E09
2,W,0x33500020,0x402673DE64BEE200E213944C49CD52BB
2,W,0x33500030,0x525071F251C1EC3FE55E00325514C5C7
2,W,0x33500040,0x48C360E8B2B7E72DD2D441B001C3F134
2,W,0x33500050,0x40D5521BB609E248D7E4AFC021D9F2BC
2,W,0x33500060,0x1C12968DA30D729D2D6AE4381D6E4C2
2,W,0x33500070,0x72CBE6CD982D681BDC9412640D5B038
2,W,0x33500080,0x0AA32D368CEA2D2A500C430AA43D25242
2,W,0x33500090,0x0BC23D965C1A6CBB81EC390AF3BCF5D33
2,W,0x335000A0,0x0C600DD62B78EC5C600C0A1911CC56396
2,W,0x335000B0,0x0CBB2DE5BBA1EC7D3B5B18822ACA964BE
2,W,0x335000C0,0x0CAC6DE54C32FCFDBC9272632BD3163C7
2,W,0x335000D0,0x0C3D0DD4FCD34D3DFD2413B36BE405EC9
2,W,0x335000E0,0x0B4D3DC4CD334D5E0D5484336B64157C6
2,W,0x335000F0,0x09CD3DB4DD62CD6DFD54D4635A93E52C1
2,W,0x33500100,0x37BF2F9F1DB835272216480136A53383
2,W,0x33500110,0x09412C62519C3013CC681D3264CC7C30C
2,W,0x33500120,0x330DC43AA9AE2CA05ABFC7393CD2B41C
2,W,0x33500130,0x0BD143CB8C2C931BB67A863B12DC259A6
2,W,0x33500140,0x0C1104BC1AC3F32CAB91F454225CEB140
2,W,0x33500150,0x0C42C1BACB7949EC5C1A7C5CB22CEC747
2,W,0x33500160,0x0B500D3A0B9ADC7D3A500C547A4D097C4
2,W,0x33500170,0x23AFD72A8E3ED6E1AB18CB4F38CDB7BE
2,W,0x33500180,0x0B3BCC91F9251D7E02115D23548C4C834
2,W,0x33500190,0x0C5C0B4A3AC53D5DC3F00D48E4BBBCE46
2,W,0x335001A0,0x0C7BA8BBFB94DD4D848A0D49A48BBC943
2,W,0x335001B0,0x0BCAC2EC6BE3AD4D54DAFCF8443C2B724
2,W,0x335001C0,0x08140C3B9A2D6D24EAFB70E3DCB2EB5
2,W,0x335001D0,0x331844B9B3BCD9D14D9E282038D144C3
2,W,0x335001E0,0x3B2244A8ACC0DBD249083E2038D247C5
2,W,0x335001F0,0x3A27448EA6BFDBD3452243153BD345C4
2,W,0x33500200,0x3F929B45C894A42FA2A900A7298BA29D
2,W,0x33500210,0x590C3741D82C114A61A7CED12735379D
2,W,0x33500220,0x64CE2132E1284E276EC7D5DD4A9B3527
2,W,0x33500230,0x5FB24895E58BCACB70DCD2A437004F35
2,W,0x33500240,0x570F53B6DC3490CC70873320BF9A3D32
2,W,0x33500250,0x47975536A84C25CA71425346163F47B0
2,W,0x33500260,0x47C8514F465302C970BB53524D204D20
2,W,0x33500270,0x3FC2511C5254B7D06BC2504A52CC483D
2,W,0x33500280,0x095AC51C85D50C5D5669E51454DC53F28
2,W,0x33500290,0x0B49C4FD1624FC4D86513534749A8379F
2,W,0x335002A0,0x0B8A74ACE6252B5D86500554E492C32AD
2,W,0x335002B0,0x0B1AC46C1625522D966905752483F34A9
2,W,0x335002C0,0x0AE4518625A45DD649C5C53463F4091
2,W,0x335002D0,0x34B14742615D4EE063B05F5245374881
2,W,0x335002E0,0x42B04948615F4FE262B9605045234E83
2,W,0x335002F0,0x46A6494962604CE360BE614D4681519D
2,W,0x33500300,0x0B2C01700B6AA164832312933A432129F
2,W,0x33500310,0x0B02A00C2D1D6335347918C44A3C6B0D5
2,W,0x33500320,0x535DB0CBD7E73658B51BAA9DB5D3C681
2,W,0x33500330,0x4765015CE1E74657D221C3C653D948C1
2,W,0x33500340,0x4432B565DADE0657DAB4C4BC5DC350C3
2,W,0x33500350,0x086BDC05CCDD34864C481CFCD5C172542
2,W,0x33500360,0x0D6A13E5697D15159D13BC4D54100B55C
2,W,0x33500370,0x0DA338E52A7C54D53DCA8B5C415C8325E
2,W,0x33500380,0x0CA44B440C6C3514EDEBDB3013AD54A58
2,W,0x33500390,0x0B348B11BD0C9564EDDBABD3143DB5051
2,W,0x335003A0,0x09E47AA9BD2CD5B51DEA9C22F40DF5146
2,W,0x335003B0,0x08E429EB3D2CA5F54E001C32B3CE15203
2,W,0x335003C0,0x0843C91BBD0C06155E127C13339E254C8
2,W,0x335003D0,0x081378FBACDA56256E12ABF3B36E257D5
2,W,0x335003E0,0x3594B6CC0B6156E01EBA4032E258D8
2,W,0x335003F0,0x13692B5CB276055DF81B4432EE159D9
2,W,0x33500400,0x10BF028CC7003A0F35B2A418B90499A4
2,W,0x33500410,0x4BAE24C3DE275126171AC136364AC2B9
2,W,0x33500420,0x364637D9E19F5131924DD54EC862C22B
2,W,0x33500430,0x0D23EA5E0C1845349C35ACF5B075B422C
2,W,0x33500440,0x0BA21B8C2C44E5DC7BD010D459928B427
2,W,0x33500450,0x0AF372CC0D03451C3A5C30722CD47AC35
2,W,0x33500460,0x121C706B9BE362BC2C4C0C2CEBB00C4
2,W,0x33500470,0x29B4C23BBCAD3A4BC61DC9D6BDD2B7C3
2,W,0x33500480,0x0949E1B32CA353F42A53EC4DC8CD5CB00
2,W,0x33500490,0x0B721390BD2413C352340BFDE01D4D33E
2,W,0x335004A0,0x0C4323799D53E2E28343DBDDDA7D5D84B
2,W,0x335004B0,0x0C83335A8D23211133241BDDBBED8DB50
2,W,0x335004C0,0x0C72F37AAC9140B000649C1DAC7DEDC4F
2,W,0x335004D0,0x0C42A37A8BE8E2000B051C5DACAE1DA4A
2,W,0x335004E0,0x0C02435A6AF992E02C053C9DBCAE2D744
2,W,0x335004F0,0x0B81633A39497341CC655CBDDC7E3D439
2,W,0x33500500,0x09BB2B9321200C1B9B4C0012B00B2A02E
2,W,0x33500510,0x13D2C9BBC4010645B643CC5AD147909B
2,W,0x33500520,0x0A8E6DCD2C048985012CBB755D5B64B53
2,W,0x33500530,0x095E6E1B1C335B4513B38335B4BC64D47
2,W,0x33500540,0x36C12A90CB3545168DB3D56561C63942
2,W,0x33500550,0x0C1C0460CB351B6203236BF6B55C33C39
2,W,0x33500560,0x0D5D945B9D64DCE264053485E409232A7
2,W,0x33500570,0x0CDCF48B2CD3B263B4F57494A0A4642AD
2,W,0x33500580,0x36C0483D2F01485151433542BF464D33
2,W,0x33500590,0x53C1444A488E4A584D010F44C93B5344
2,W,0x335005A0,0x5BC83C494712495C43B3A243CC0C5742
2,W,0x335005B0,0x60D229413A33475E1DBFBB40C8BB5A33
2,W,0x335005C0,0x62D881259C3F465EB8BBCA3DB7CF5DA1
2,W,0x335005D0,0x61DCA0A3BF41445AC29AD23E1AD560BB
2,W,0x335005E0,0x60DCA2B7C53C4357C132D4403ED561C1
2,W,0x335005F0,0x5CDB9FBFC6374354B541D54245D462C1
2,W,0x33500600,0x0B0B205AE34BA341CA5442986463E01CF
2,W,0x33500610,0x3EC43981381D322ECA373238A550B2E3
2,W,0x33500620,0x0BCC434E299490051D4CA544BA866C2EC
2,W,0x33500630,0x57DD013142272842D8BA5DD6576052F0
2,W,0x33500640,0x0ADD9312E34953A32ACA443D917505FCA
2,W,0x33500650,0x0D4890043543231BFCE1FC2401D514E
2,W,0x33500660,0x33D516314A5A2933CCD0C94228C65350
2,W,0x33500670,0x2ECB23403C4E4611C6ADD64137CF5A3D
2,W,0x33500680,0x08BB4002B08464A14AD25D7AE47C65926
2,W,0x33500690,0x08B929B87004948268127D6C74EBE5688
2,W,0x335006A0,0x2523A79E254C43310001D5CF4FBB51B5
2,W,0x335006B0,0x3E36B0833A503F3A1195CDD350BB47C4
2,W,0x335006C0,0x4838B22645524143338ABAD452B942CB
2,W,0x335006D0,0x4B2CAC334B51464841019DD156B345CE
2,W,0x335006E0,0x47019A344C4F4A4A481881CA58AC4BCD
2,W,0x335006F0,0x43A200314B4C4A4B4D2281C35AAA50C9
2,W,0x33500700,0x08A3F0846AC320044B037A19D0085331B
2,W,0x33500710,0x314E8A62C69620329E55BDAA29BB453D
2,W,0x33500720,0x58474655ADC49EAAC74BC116A695579D
2,W,0x33500730,0x5DCB4E54AB00A028BB30D44D2141523C
2,W,0x33500740,0x59CA3350A6111A2C2234B738A3C45645
2,W,0x33500750,0x5D3A9B00413DA3AD46C12C1288BD588C
2,W,0x33500760,0x584149314B393BAF44AF32BFBBB160C1
2,W,0x33500770,0x4A434142293E2FB23533B3BAA7A25AC2
2,W,0x33500780,0x443C2412962DAD002E1DBEB592B050C5
2,W,0x33500790,0x472D8DAF1101B92D3396BAB182AC48C8
2,W,0x335007A0,0x4B089DB544A1AD3B33A1B2AD850042C4
2,W,0x335007B0,0x4E1481B755A513451192A2B3003F3BB8
2,W,0x335007C0,0x50322BB66095374CBA1B81BC0154328B
2,W,0x335007D0,0x513D3AB063013D50C93303C1815F301F
2,W,0x335007E0,0x514340A363203B50CF3803C287633023
2,W,0x335007F0,0x5147409B622B364FD13601C300652A1D
2,W,0x33500800,0x0B824BA2D30299D8FB036C0BEB5BA3633
2,W,0x33500810,0x0B227433A43C7B7C620C4D257B1D3B945
2,W,0x33500820,0x0B8B56AD1BD954D3326D6CD6AD4DBD761
2,W,0x33500830,0x0B5AC6FC3BB4CA1489BCBD675D9E3C567
2,W,0x33500840,0x0BF2D4D54469EC3503235B274DFD63941
2,W,0x33500850,0x0C25753CF4C01C81C45342070D3C342C6
2,W,0x33500860,0x0A86442D5A357BAC83241BD67A9CB45BA
2,W,0x33500870,0x0A36992C3BF51B2C03D97BA653337A431
2,W,0x33500880,0x0BD6C0015B329BCB642BCB4653E50CA45
2,W,0x33500890,0x0C46D313DB2ACC6B742C1B4674653D24E
2,W,0x335008A0,0x0C46D4446B9B5C9B443C2B2684E55D251
2,W,0x335008B0,0x0C36D5248BCBDC79840C3B4685057CC52
2,W,0x335008C0,0x0BF6D5A43BBC6BB2D3CC3C1664C5AC052
2,W,0x335008D0,0x0BA6F6040BBCC963F3DBFC964465CAE53
2,W,0x335008E0,0x0B870613CBCCF254441B7CE63415D9F54
2,W,0x335008F0,0x0B9716139BCCF324544A8D0613D5D9754
2,W,0x33500900,0x1AE38230BA8239E311EC5B30035CB26
2,W,0x33500910,0x11D3C022049392D336B3C1DB0A31BEA0
2,W,0x33500920,0x098D0E1B63EC6AAE6C6B5BAD64755AAB7
2,W,0x33500930,0x13E0F34B5BCD91DD4AA247BE64A72B3A
2,W,0x33500940,0x3CD9E40245342CE6623007A24F9F3023
2,W,0x33500950,0x0A7B8CC241F35C4EA40B032CBC54734B4
2,W,0x33500960,0x0C7B0C71D9185D1E7BCCB45D9DA465486
2,W,0x33500970,0x0D6C0B59C3297B2DDC0B955D8DC504B46
2,W,0x33500980,0x0DAB132C2408136C6CE9C52CAD4563D48
2,W,0x33500990,0x0DC9939C8410043A2D59C4EBDCA593845
2,W,0x335009A0,0x0DC9204C83F154230D8B24AB5B258433D
2,W,0x335009B0,0x0DCABC2C42B2D3745DDBA49AF3B575132
2,W,0x335009C0,0x0DFBFD4B3B03B1650E1B749A451555A32
2,W,0x335009D0,0x0E2C7DC00C444A452E3B34BA155536039
2,W,0x335009E0,0x0E3CCE02EC949B251E4AB4EAA54526241
2,W,0x335009F0,0x0E4CEE037CB4CB34FE5A54FB251536244
2,W,0x33500A00,0x322AB293231900A02E42D138B4181AB6
2,W,0x33500A10,0x0A5379EBD2319A4AA95E45A413FBA26
2,W,0x33500A20,0x393042423DC14AB2D79EF0594646BE34
2,W,0x33500A30,0x5A41B15355999819DDD7ED5123D230C4
2,W,0x33500A40,0x595730C2B3A610431FA7E15947CAADB7
2,W,0x33500A50,0x0A445C1BA9397BB485828336249C52BBA
2,W,0x33500A60,0x0B824D04D492CCF48529F5A622028BFA3
2,W,0x33500A70,0x0B232D24D510AC1534CD461634698A01C
2,W,0x33500A80,0x0A83ECB354C8EB74C4DD6566251B62EAD
2,W,0x33500A90,0x0B241C4A04792BC424FD1466254B332BE
2,W,0x33500AA0,0x0BA43C1BD451DC3374FC3216256951BBF
2,W,0x33500AB0,0x0BA48C2C4433AC3374F00B862552391B9
2,W,0x33500AC0,0x0B14EC8C54041B3435144C9635438A1AA
2,W,0x33500AD0,0x08C51CEC43A3C014D534DCC6453419F92
2,W,0x33500AE0,0x2251D1C2342E3253554BC96551438681
2,W,0x33500AF0,0x3151D2BC32053B575645C4654F421400
2,W,0x33500B00,0x0C0B53626A5A5B03BB52001AE040C2323
2,W,0x33500B10,0x0B4B133A011B721BA01933A3C1932012D
2,W,0x33500B20,0x0BB9946CEAAB2C3B8C2CC5C4A3F4817C8
2,W,0x33500B30,0x0C1CD50A21BB2C24238C15C3F21C4BE0B
2,W,0x33500B40,0x3CC473A1EA0D0449FD2298C4941BCC7
2,W,0x33500B50,0x35472BB32C04B9C7C2B63ECC51B21151
2,W,0x33500B60,0x6B72FC2BC3F8649C929433239C33F37
2,W,0x33500B70,0x11CD3BC4A741B15FC900934528BD38C6
2,W,0x33500B80,0x099822EB3362DB35ACFB6BA3B45CC3CB2
2,W,0x33500B90,0x0B0421F00438AB352D1C0BC2F52D34129
2,W,0x33500BA0,0x0B1460D2F42B1B24DD0BCB82D56D2433C
2,W,0x33500BB0,0x09C4207342BBBAB4FC6AEB72B5CCB463E
2,W,0x33500BC0,0x2F2A071DB5C1A154A700B72D62AE492F
2,W,0x33500BD0,0x42A300ADC8C3A457310DB43065304B9E
2,W,0x33500BE0,0x47B994C2CDC3AA594201AF3366414CBE
2,W,0x33500BF0,0x48C0A4CACDC1AF594981AE3666454EC6
2,W,0x33500C00,0x1F2E8122CA13CE008F03AC1D31014233
2,W,0x33500C10,0x0A301D14ED8D1DD243850C229B7C42245
2,W,0x33500C20,0x318ABDB090D8D5415062C601E5D229A6
2,W,0x33500C30,0x29C5402735D1435F3E69D6C1F0A3C0C3
2,W,0x33500C40,0x433FC03CD42E56499D43DC9BDD3E3ACF
2,W,0x33500C50,0x3352C28CD2465321DDB1D531C94A49CF
2,W,0x33500C60,0x34BE8159D4255138DF3CD42121555B4F
2,W,0x33500C70,0x4D6455DCA304E2FD445D238454E524C
2,W,0x33500C80,0x0A2D14E54AC524C8BD130D24249439F11
2,W,0x33500C90,0x0AECA4E501D5C4A9ED49FD3424A3FCBAB
2,W,0x33500CA0,0x0B1C14D5332614983D8BFD4434D3BD29B
2,W,0x33500CB0,0x0AAA44C5937644B1DDBCBD441502CD4A1
2,W,0x33500CC0,0x094314A6036674E31DBD3D537529FD2BC
2,W,0x33500CD0,0x0A4047632B685138D9D8D71D53B3CCC8
2,W,0x33500CE0,0x234143641067523CD6D9D99C54B6C3D0
2,W,0x33500CF0,0x273D42638766523CD3D8DAB254B7BAD4
2,W,0x33500D00,0x241493208117D744449A3916143F35CE
2,W,0x33500D10,0x0A9A33A3137424D3258C13A504353C6D8
2,W,0x33500D20,0x32B84F4782D665D557C4D21F34519BE2
2,W,0x33500D30,0x0BB535A5B95A663D4BA9DA50C63C63E2
2,W,0x33500D40,0x3E99B23DA233544A5740C311A6564CDE
2,W,0x33500D50,0x0CEABAF00B4C64C48509436D1AA4FD2D1
2,W,0x33500D60,0x0BE3540B9A2C84658453501CDCE02D650
2,W,0x33500D70,0x0BA1F483324A5315A46350BA7C1CAC061
2,W,0x33500D80,0x0B9212A47232497582A972E41A4D12561
2,W,0x33500D90,0x0B52AA1492326AD57A3BC314F98D14160
2,W,0x33500DA0,0x0AE34AC44340CA954B6C51154A9CE4A5B
2,W,0x33500DB0,0x08A30A9313FA8A54EBAC9B355B7C94F52
2,W,0x33500DC0,0x300000A243C2B144B2CAC853BDC34E32
2,W,0x33500DD0,0x3FA932B745CCBC3F8DC6D14EBBC049B9
2,W,0x33500DE0,0x43B541BA44D1C34021C2D248B5BD44C8
2,W,0x33500DF0,0x42BB46B741D2C7412EBDD245ABC03DCE
2,W,0x33500E00,0x09934292737BC058E0095BC0301408117
2,W,0x33500E10,0x3839183098D400210841D3513E46BBAE
2,W,0x33500E20,0x4B9945C3C9D600B03247C14A383D4621
2,W,0x33500E30,0x5590A8C9B6D9B2964DAF5CC5572DAD45
2,W,0x33500E40,0x32DBA4814F2B989F39CA51C64B3E0F25
2,W,0x33500E50,0x0C2EABA40404E979545C342204A31C047
2,W,0x33500E60,0x1D5455AA061974346D1443E4836313B
2,W,0x33500E70,0x12484C58215DA0BD40D6444325453DC0
2,W,0x33500E80,0x0B25333470051A3C143D5014EC01834B3
2,W,0x33500E90,0x0BE509231AC4B96A547D3B453CAB8271C
2,W,0x33500EA0,0x0BE3DA482BD51813249D1B853CFC11D38
2,W,0x33500EB0,0x0B9BA96B1C657014249D3B14FD0BD243C
2,W,0x33500EC0,0x0B1D710B6CC5C113F46DA8B3DD0A22B31
2,W,0x33500ED0,0x0A7E126B0CE60183143E0219BCD292D00
2,W,0x33500EE0,0x09EE32E99CD611D0142E32FBECA3E2EAC
2,W,0x33500EF0,0x091E32F0ACB6020A642E434C6C9442EB8
2,W,0x33500F00,0x0B8C3478196432C18AB3C122FC321B281
2,W,0x33500F10,0x0CCC13DB6C22E18BB8454B13DC945AE90
2,W,0x33500F20,0x0D5283A3BB1C546D69B66C042D524A820
2,W,0x33500F30,0x097314438BAD85DD5A66FE7565D4DC6DC
2,W,0x33500F40,0x22004097D2E055D2B85DD956680AB1D3
2,W,0x33500F50,0x2F4DA6C4D9DF33AF9062D85364358135
2,W,0x33500F60,0x51373CD1DAE04209885FD14E6353B691
2,W,0x33500F70,0x57414BB8DDDF450B1F59C2416250CF8B
2,W,0x33500F80,0x57484B99D8D8373817509D36594AD426
2,W,0x33500F90,0x53474EB2D5D7174400482831504AD631
2,W,0x33500FA0,0x4E3D51C7D1DBA24598443E323A4BD72C
2,W,0x33500FB0,0x422054D2C9E1B0410642452EB24AD724
2,W,0x33500FC0,0x17A457D7BDE5AA3133414923CF4AD61E
2,W,0x33500FD0,0x0A5B359D8ACE8001639434621D54AD51F
2,W,0x33500FE0,0x0A7B259D5A3E9280139463F1FD54AD524
2,W,0x33500FF0,0x09FA758D296E8330036463408D24AD42A
2,W,0x33501000,0x1D2DB4EDA81D5DCD252443C013B4FB8
2,W,0x33501010,0x21CFDC4EDFBFD1D7CC563E4534384CA9
2,W,0x33501020,0x2BC9DC4DE1CBCCD4C55A364C42364A82
2,W,0x33501030,0x2FC6DC4CE3CFC9D3C15A325047334601
2,W,0x33501040,0x2FC1DA49E2D0C8D4BF5829514A2D420D
2,W,0x33501050,0x2DB4D845E2CFC7D4BD5414524A1D3C14
2,W,0x33501060,0x2B83D53EE0CAC5D5BD4F925249813210
2,W,0x33501070,0x2D35D12EDBC4C2D6C147AE5145A82303
2,W,0x33501080,0x3046CC00D6B9BED7C541B94F3FB60100
2,W,0x33501090,0x314EC6A8D3AABBD8C738C04D3ABD9781
2,W,0x335010A0,0x3051C3B3D198BAD9C931C24E38C0A687
2,W,0x335010B0,0x3053C2B8D093B9D9C92BC34D37C2A981
2,W,0x335010C0,0x2E53C1BBCE81B7D9C926C44D37C2AD81
2,W,0x335010D0,0x2952BCC1CC20B4DAC719C44D3ABFB285
2,W,0x335010E0,0x1454BDCAC32D85D9C20CC2473CB3AB1E
2,W,0x335010F0,0x09253B7D3AC4232D9B681C0424100A630
2,W,0x33501100,0x2F314981A8B8D9D5402048013CD13EBF
2,W,0x33501110,0x09C3B5086AFABD5D635014E813BC926A9
2,W,0x33501120,0x0B8415393B399D1D8229152913AC39B01
2,W,0x33501130,0x0BA4255A5B481D0DA81A253913BC1B100
2,W,0x33501140,0x0B84355AFB400D0DAA8AB53873EC1BB91
2,W,0x33501150,0x0B74353B2B381D0DAB5B2538142C3C4A0
2,W,0x33501160,0x0B34351B2B391D0D8BFB3520045C5CBAC
2,W,0x33501170,0x0AE434BA3B5A2CBD5C5AE51004AC7D2B1
2,W,0x33501180,0x0A7424401B7AEC5D2CA9C51824FC8D7B3
2,W,0x33501190,0x09E413F21BAB3C1D0CD81518151CADAB6
2,W,0x335011A0,0x094403B26BBB5BECFCF00510052CADCB9
2,W,0x335011B0,0x098403728BCB7BBCED000510052CBDDB7
2,W,0x335011C0,0x091403627BDB8BACED000520052CBDDB8
2,W,0x335011D0,0x0B413B20C0B6BDCECF8A510151CBDCC0
2,W,0x335011E0,0x1C433C08C4BEB9CBCC904E8151CBDCBC
2,W,0x335011F0,0x34454390CCC1B7C9C59C488D4FCAD9BE
2,W,0x33501200,0x49124646636045E45ABD614A46A251B4
2,W,0x33501210,0x493D4040655F36E34FBA634948AB4EC6
2,W,0x33501220,0x4A493637665E1CE33EB964484AB04BCE
2,W,0x33501230,0x4B502433675D8AE430B265464CB249D0
2,W,0x33501240,0x4B520133675B9DE423A665464FB247CD
2,W,0x33501250,0x4A5297346658A0E40196654651B145C9
2,W,0x33501260,0x4A51B03765559EE5A481664651AF43C2
2,W,0x33501270,0x4849BC39624F94E7BD99664451A843B8
2,W,0x33501280,0x483CC33B5F4581E9C9AB674350A044A7
2,W,0x33501290,0x472CC73C5B3C00EAD0B067414F944484
2,W,0x335012A0,0x4722CA3D593401EBD1AF67414F8D4407
2,W,0x335012B0,0x4716CA3D583001EBD2B067414F864315
2,W,0x335012C0,0x4711CB3D582E05EBD3AD67414F81431A
2,W,0x335012D0,0x4713CD3D57300DECD394673F4D004118
2,W,0x335012E0,0x439BCA38543B2BECD501643F44183893
2,W,0x335012F0,0x40B3C9304F453AEDD734613B2A2D27B2
2,W,0x33501300,0x283E04BBCA325E53DCA9A24724E15BD8
2,W,0x33501310,0x404731C3C839594DD8BB1C4F04E15DD5
2,W,0x33501320,0x484E3CC8C73C5647D5C3375391E05FD3
2,W,0x33501330,0x4E4F42CBC8395643D5C640539BE060D2
2,W,0x33501340,0x514F45CACA325642D6C643528AE060D1
2,W,0x33501350,0x534F47C7CB245641D7C4455111E060CB
2,W,0x33501360,0x544F48C3CC005742D8C045512CE15FC4
2,W,0x33501370,0x545046BACDA55947D8B2445139E25EB4
2,W,0x33501380,0x545142AECDB45A4DD781425241E35D88
2,W,0x33501390,0x54523FA1CEBC5C50D626405445E45C1F
2,W,0x335013A0,0x54523E96CEC15C51D6313E5447E45C29
2,W,0x335013B0,0x55523D82CFC25D52D6343E5448E45C32
2,W,0x335013C0,0x55523C00CFC25D52D6353C5448E45C33
2,W,0x335013D0,0x55513900CDC25D51D534385246E45B30
2,W,0x335013E0,0x544D261FC8BB5E51C93229483BE25B33
2,W,0x335013F0,0x5346A42BBCB15F519B2D983303E05A30
2,W,0x33501400,0x0B590329524943134CA55CEE1C3E2D110
2,W,0x33501410,0x0B7B02F0C3E962144CE54D1E4BAE1C8BB
2,W,0x33501420,0x0B9BC2C244899014CD154D3E7B3E0C0CB
2,W,0x33501430,0x0B8C62E2850928D4FD154D4E9B2DFB9D1
2,W,0x33501440,0x0BACB322C528B8C4ED153D3E9B0DEB7D4
2,W,0x33501450,0x0BECF36315291004CCF53D2EAA5DDB8D5
2,W,0x33501460,0x0C0D03732529D1E48CB52D0EB82DBBDD6
2,W,0x33501470,0x0C0CD353251AB3345C751C9ED29D8C3D7
2,W,0x33501480,0x0C0C830314DB64042C44FC3EF3BD4C8D7
2,W,0x33501490,0x0BFC52C304ABC453FC14EBEF041D2CCD7
2,W,0x335014A0,0x0C0C52D2E4ABE473CBF4EBAF143D0CDD7
2,W,0x335014B0,0x0C1C42C2F49C04838BD4DB7F144D0CED7
2,W,0x335014C0,0x0C0C42C3049C04835BC4DB5F144CFCED7
2,W,0x335014D0,0x0BCC52B314CBC4630BC4CB0F142CCCED6
2,W,0x335014E0,0x0B2BE01354FB44497BF4601F13FC8CAD2
2,W,0x335014F0,0x0AEAB3C529A3CC1BF4039F232BFC8C6
2,W,0x33501500,0x57D8A3C5C53140548145D54546D163BB
2,W,0x33501510,0x4FD2AACDC12732543A46D64B43CB64AB
2,W,0x33501520,0x43CBB1D2BE1F18544846D74F40C46684
2,W,0x33501530,0x3CC3B3D3BE2116554B43D7513DBB671B
2,W,0x33501540,0x39BCADD1C0251D564A3DD85238B4672B
2,W,0x33501550,0x3AB399CEC12620584930D85132AC6634
2,W,0x33501560,0x3AA611C6C1261E5B4900D95021A4643A
2,W,0x33501570,0x3C9832B7C021005E4DB2D94B93A6633C
2,W,0x33501580,0x3D853F84BF13A26151C1DA45B3AD613D
2,W,0x33501590,0x3D004328BD07AD6353C7DB42BDB05F40
2,W,0x335015A0,0x3F0A4434BE0CB06353CBDC40C1B05E41
2,W,0x335015B0,0x40114538BE0AB26453CDDC3FC2B05E41
2,W,0x335015C0,0x4019463ABE10B26453CEDC3FC2B05E42
2,W,0x335015D0,0x41274339C222AB6351CDDB41C1AF5E43
2,W,0x335015E0,0x45324435C530B16350C5DA41B9B65E40
2,W,0x335015F0,0x493D3F27CC3BAB614AB5D945ABBB5E3C
2,W,0x33501600,0x3BB00E24484A484A522D8BC159AE50C0
2,W,0x33501610,0x31B72081454A434858349CC158B54F9B
2,W,0x33501620,0x22BC26A941493B475C39A0C157BC4E2B
2,W,0x33501630,0x0FBE21B23C4A35475E3A95C455C04E35
2,W,0x33501640,0x1BF0FB3384D31485F3800C754C34D37
2,W,0x33501650,0x2BF81B234512D4A60351FCA52C84C38
2,W,0x33501660,0x13C0A0A832562C4D613234CF4FCE4B34
2,W,0x33501670,0x23C2A892305B2E51622F41D24BD34A2A
2,W,0x33501680,0x2DC5AA0D2D613154642A4AD448D74910
2,W,0x33501690,0x32C7AD252A633357652850D545DA4989
2,W,0x335016A0,0x34C8B02D28643458652552D642DB499C
2,W,0x335016B0,0x35C8B12E28643459652153D641DC499C
2,W,0x335016C0,0x35C8B23029643559651B53D640DD499B
2,W,0x335016D0,0x36C7B43631643959650153D538DD4894
2,W,0x335016E0,0x39C3AE373D63405B65B14ECE30E0452C
2,W,0x335016F0,0x3CBEAD404861495D65C444BF81E24241
2,W,0x33501700,0x4E4B38A46038294CD22601C42868010D
2,W,0x33501710,0x474F20B15A440046D1A305C53C6CB286
2,W,0x33501720,0x425299B6554A9E42D1BC05C7456FC1A4
2,W,0x33501730,0x3D52AAB7524BA842D2C506C84970C4B0
2,W,0x33501740,0x3850B1B7514BAC40D2CB00C94A71C3B9
2,W,0x33501750,0x334DB5B7514AAB37D2D086CA4870C1C2
2,W,0x33501760,0x2F47BABA514AA728D2D398CB4470C0C7
2,W,0x33501770,0x2D40C0C1524C9B97CFD4A6CC3B71BECE
2,W,0x33501780,0x3034C3C5534E00B7CAD5B0CC2B71BFD2
2,W,0x33501790,0x3124C5C8544F17C1C7D6B3CC1272BFD4
2,W,0x335017A0,0x300DC6C9544F1CC3C6D7B4CC0072BED5
2,W,0x335017B0,0x3000C7CA554F22C5C4D8B7CC8B72BDD6
2,W,0x335017C0,0x2C81C8CA544F23C6C4D8B7CB9372BCD7
2,W,0x335017D0,0x169EC9C9534E14C4C3DAB6CA9572B8D7
2,W,0x335017E0,0x0A7B0CFC7514B1DC6B5DCB9C2AD73B0D9
2,W,0x335017F0,0x0C3BCD3C44B4916C385E0B9B0B87482DB
2,W,0x33501800,0x0BB72612FBACA2E434621D15E3E5D9C52
2,W,0x33501810,0x0BE726009BABC1C384844D155435BA44D
2,W,0x33501820,0x0C1736099B99A002B4B51D14C465AA747
2,W,0x33501830,0x0C4745FA3B807A3234B57D0464759A842
2,W,0x33501840,0x0C7755D9BB925B11A4A5ACF444757A439
2,W,0x33501850,0x0C8755A00BC34B703495DCC4246559B27
2,W,0x33501860,0x0CA755722C03ABE87485FC93C4854009C
2,W,0x33501870,0x0C9755636C340C2A44961C62C4C5221BD
2,W,0x33501880,0x0C9745542C642C4B14A62C381515132C9
2,W,0x33501890,0x0C9745547C743C6B54B63C1A5535039D0
2,W,0x335018A0,0x0CA74544AC843C8B74B64C1AB544F3CD2
2,W,0x335018B0,0x0CA74544CC945C8B94C64C1AD544E3DD3
2,W,0x335018C0,0x0CB74534CC946C9BA4C64C1B0544E3DD3
2,W,0x335018D0,0x0CB74524BC844C9BA4C65C1B6564E3AD3
2,W,0x335018E0,0x0CA72504BC448C4BB5066C3C159502DD0
2,W,0x335018F0,0x0C7714848BF49BEBC5267C7CB5E5291C7
2,W,0x33501900,0x0E5CDDD36C94CA44AE6A14EB351546143
2,W,0x33501910,0x0E6C7D830C44B2145E9A14BB351565F3D
2,W,0x33501920,0x0E7C2D529BF493840EBA248B252585C33
2,W,0x33501930,0x0E7C0D210BD474039EC9848AE54595B22
2,W,0x33501940,0x0E6BDD098BE454436EC9347A6565A5900
2,W,0x33501950,0x0E6BACBB1BF434735EC98459C575C579F
2,W,0x33501960,0x0E4B9C6BDC0424B34ECA3428F595E53AC
2,W,0x33501970,0x0E3BBC2C3BF435032EDB23B925A6049AC
2,W,0x33501980,0x0E2BFBFC6BE45532BEDBC339B5B6139A7
2,W,0x33501990,0x0E2C0BCC9BD465522EDC12B9B5C6120A6
2,W,0x335019A0,0x0E1C0BBCCBD46561BEEC226975C6200AA
2,W,0x335019B0,0x0E1C0B9CCBC455717EEC323955C6295AA
2,W,0x335019C0,0x0E1C0B9CDBA455714EEC321945D629DAB
2,W,0x335019D0,0x0E0C1BBCEB844570EEEC0219A5D6195AD
2,W,0x335019E0,0x0E0C1C0C881435700EEBD1CB35A619290
2,W,0x335019F0,0x0DEC3C7C23A405892EEB117C0575E0722
2,W,0x33501A00,0x354ED2B1349E405A5539BF65483B3382
2,W,0x33501A10,0x3647D08D3CB3415F5301B7643927448F
2,W,0x33501A20,0x3843CE2141BA406151B0B36417004C90
2,W,0x33501A30,0x3943CE3543B73E6251BCB3649DA14D97
2,W,0x33501A40,0x3B44CF3D45B23A6351BFB364AEB14895
2,W,0x33501A50,0x3E45CF4249A7356251BEB565B5BB4083
2,W,0x33501A60,0x4144D0434F93336252B8B965B7C42100
2,W,0x33501A70,0x4441D0415481366352ADBE66B4CAB501
2,W,0x33501A80,0x4839CF3C58003A63548AC366AAD0C90A
2,W,0x33501A90,0x4A34CF385B093D635513C667A0D2D20A
2,W,0x33501AA0,0x4B34D0375D183E645521C86898D3D503
2,W,0x33501AB0,0x4C33D0375E1C3C635525C86896D4D70E
2,W,0x33501AC0,0x4C34D0385E213B635527C86895D4D808
2,W,0x33501AD0,0x4934D13D5D243C645524C66892D3D88D
2,W,0x33501AE0,0x4629D23F5A1C32635316BA6981CCD8A2
2,W,0x33501AF0,0x391CD443550720635101816A17BDD7B7
2,W,0x33501B00,0x42C0AED0C5B8B1565194B33C664B4FCA
2,W,0x33501B10,0x2BB8B6D3AE98B54E57A4BB43645251CC
2,W,0x33501B20,0x09FB2BED51E23BA425DA9C047635552CE
2,W,0x33501B30,0x0B7ABC1D63231BA3C5F9FC14A635753D0
2,W,0x33501B40,0x0C0AAC2D53734B93B5E81C14D625654D0
2,W,0x33501B50,0x0C4AEC3D13938BA3D5B18C24F605454CB
2,W,0x33501B60,0x0C7B5C2C93839BD425731C4505D5054C4
2,W,0x33501B70,0x0C8BFC0B83538C346523EC651594854B4
2,W,0x33501B80,0x0C8C6BB013136C84C4B45C852563F5306
2,W,0x33501B90,0x0C8CAB7332934CB4F4449CA5253345232
2,W,0x33501BA0,0x0C9CCB53C2533CC51404CCA53522B5239
2,W,0x33501BB0,0x0C9CDB6412433CE503D4CCA535123523E
2,W,0x33501BC0,0x0C9CEB7422134CD503A4CC953511B523F
2,W,0x33501BD0,0x0C9CEB7401A32CB51354CC753520B523C
2,W,0x33501BE0,0x0C3D0C2390134C84B2A42BD5153AC5136
2,W,0x33501BF0,0x0B5D2CA229534C243052B9C4E57C04D26
2,W,0x33501C00,0x21304462A3655138D1D6DBBE54BEB3D8
2,W,0x33501C10,0x097475DB2624C2ECED3DCC755C5ACDE
2,W,0x33501C20,0x09FB84957BC604621CBD0DDCD56CBA4E1
2,W,0x33501C30,0x09EBC4C53C35D441CC8CBDDCE55D0A1E3
2,W,0x33501C40,0x098BA4F50C7594314C8C5DCCA54D3A1E4
2,W,0x33501C50,0x097B6514BCD554101C8BCDBC451D5A2E5
2,W,0x33501C60,0x09CAF5244D14D3C89CAA3D9B84CD6A3E5
2,W,0x33501C70,0x0A99E523DD33C2EA5CB2CD7A243D6A5E5
2,W,0x33501C80,0x0B4005234D50000B2CC42D50B34D6A8E4
2,W,0x33501C90,0x0B812522AD6B5A4B8CD4AD32818D6AAE4
2,W,0x33501CA0,0x0B920531FD7C0ADBACE4FD13381D6AAE5
2,W,0x33501CB0,0x0BB205218D8C3B1BCCE51D13594D6ACE5
2,W,0x33501CC0,0x0BA215211D8C5B3BCCE51D1369CD6A9E5
2,W,0x33501CD0,0x0B3245200D9C8B6B9CD52CE36A2D696E5
2,W,0x33501CE0,0x0A1064D13DACAC3B6C953CB258DD320E5
2,W,0x33501CF0,0x249C4222DBCECEAEC554C39E01CC40E6
2,W,0x33501D00,0x3BBF49A936D1C9412EB8D14294C52FD3
2,W,0x33501D10,0x25C14B1201CECA4121B5CE3E19CD00D9
2,W,0x33501D20,0x094C24C32AACBCA4101B2CB3B2FD2ACDE
2,W,0x33501D30,0x0B3C34836B3C8CB3E81ADCB3B30D3B8E0
2,W,0x33501D40,0x0BCC34236B4C5C93A8EAACB3C2FD4BAE0
2,W,0x33501D50,0x0C1C13833B3C0C2339DABCA3C2ED3B8E1
2,W,0x33501D60,0x0C4BF282EB1B7B3229EB1CA3F2BD2B2E1
2,W,0x33501D70,0x0C3BD1127B3A9198591BBCA432CD0A2E2
2,W,0x33501D80,0x0C1BB0122B58140AD00C4C9472DCE01E2
2,W,0x33501D90,0x0C1BB8119B61749B814C9C9492ECC23E3
2,W,0x33501DA0,0x0C1BB9410B7254DBE1BCBCA4B2CCB2AE3
2,W,0x33501DB0,0x0C1B99A07B72B50BF17CDCA4C2DCA2FE3
2,W,0x33501DC0,0x0C2B9A100B72E51C116CECA4C2BCA31E3
2,W,0x33501DD0,0x0C6BEAB94B82F50C41ECFCC4C21CA31E2
2,W,0x33501DE0,0x0CCBFB3B2BF2C50C30FD2CC4A00C835E0
2,W,0x33501DF0,0x0D4C4BAC3C32A4FC611D6CE48A4C839D9
2,W,0x33501E00,0x0E02D2CC55E18B142E63DCCC9432DBE
2,W,0x33501E10,0x13D7243DBB5B01B445E946D2C93C24C0
2,W,0x33501E20,0x1ACE1B45AC5800B647EC4CD5CA3319C1
2,W,0x33501E30,0x1CC42649975495B04AED50D5CC2F24C4
2,W,0x33501E40,0x14B92F4E8151A6A74EED51D3CC262EC4
2,W,0x33501E50,0x1A233520149B0A052ED51D0CB1533C2
2,W,0x33501E60,0x08D1F3656093FB58155EC51C8C9003AC0
2,W,0x33501E70,0x0A239315B0127B71859EB50BCC79A3EBB
2,W,0x33501E80,0x0AD4426600099B52A5DEA4DA1C6A541B4
2,W,0x33501E90,0x0B348226283B3B33260E94C14C5AB43AF
2,W,0x33501EA0,0x0B54B24638ABCB43661E94C2AC5B044AB
2,W,0x33501EB0,0x0B64D23648CC0B33561E94B31C4B244A3
2,W,0x33501EC0,0x0B84D266490C2B33562E94B35C4B4449D
2,W,0x33501ED0,0x0B94C2B639FC5B73561E84A3EC2B7449C
2,W,0x33501EE0,0x0BD4A2161B2CCB31B61E84349B8BB372F
2,W,0x33501EF0,0x0C2440A5BC1D2ADA55EE73754A0C10142
2,W,0x33501F00,0x0820156CA22E73488354316A8CD49D434
2,W,0x33501F10,0x0B3353BA43E533A73037ADC2C547D440
2,W,0x33501F20,0x1F40519650E432B42824BFCCBB45D545
2,W,0x33501F30,0x2A41510053E22BB73317C4D1B045D547
2,W,0x33501F40,0x333F510054E11BB8391FC4D2A148D548
2,W,0x33501F50,0x3B3C530056DF81B93D2AC2D2814DD447
2,W,0x33501F60,0x413B558157DBA5B94134BCD11052D446
2,W,0x33501F70,0x453F598159D5B3B83C3AACD01B56D444
2,W,0x33501F80,0x48425D815CCDB9B5343F01CF1D5BD542
2,W,0x33501F90,0x4A4360865DC5BDB4314126CE205ED540
2,W,0x33501FA0,0x4B4261915EC1C0B432432ECE2360D53E
2,W,0x33501FB0,0x4C4261915FBDC0B52E4431CD2561D53D
2,W,0x33501FC0,0x4D4161975FBAC1B4304431CD2561D53D
2,W,0x33501FD0,0x4D3E61A65FB3C4B038422CCE2661D73D
2,W,0x33501FE0,0x4D3760B06100C7A031351ACD1E61D93F
2,W,0x33501FF0,0x4C2A5DBE623ACC1333009ACD0461DE41
2,W,0x33502000,0x0A752B1D7004A40DAA897BC40432DA434
2,W,0x33502010,0x0AC51AAD80F4F42DA9AA1BA414536A632
2,W,0x33502020,0x0AA4FA5D9155143DA90A2B9424639A631
2,W,0x33502030,0x0A94FA5D91A5144DA85A0B742463BA331
2,W,0x33502040,0x0AA4EA4D9225045D9009AB441463C9E30
2,W,0x33502050,0x0AA4B97DA2B4D47D81593A63F46409726
2,W,0x33502060,0x0A94609DB37454CD530001C3845448402
2,W,0x33502070,0x0A74226DD413651D03B153E2A45481199
2,W,0x33502080,0x0AA4220DC468952CA40274611434931A1
2,W,0x33502090,0x0AE4401DB48B653C63F30480042483F9A
2,W,0x335020A0,0x0B14691DA49C053C53E32488341464494
2,W,0x335020B0,0x0B3469DD949C353C43E33488B41454691
2,W,0x335020C0,0x0B545A0D849C453C43F33478B3F444892
2,W,0x335020D0,0x0B8439CD748C553C3403444843C434994
2,W,0x335020E0,0x0BD3F94D648C652C34235418137434A98
2,W,0x335020F0,0x0C23581D547C852C243373A0030424C9B
2,W,0x33502100,0x404647A6D1C1B9C9C1A4438C4DC9D7C3
2,W,0x33502110,0x44474AACD2C0BBCABCA841864BC8D5C6
2,W,0x33502120,0x45474BB0D3BEBDCBB9AA3D894AC7D5C8
2,W,0x33502130,0x45474BB0D3BDBDCBB7A93B8E4AC6D4C8
2,W,0x33502140,0x44474CB0D2BDBACAB6A5398D4BC6D4C7
2,W,0x33502150,0x43454EB2D1BDB5C8B49C34814DC6D4C5
2,W,0x33502160,0x414352B4CCBDA4C3B100230051C7D3C3
2,W,0x33502170,0x3B4054B7C4BE0DB9AE26890954C9D3BB
2,W,0x33502180,0x2B3B55B5BFBD2FB0B034A21E58CAD4A4
2,W,0x33502190,0x13655B2BCBA36AAB23AA22A5ACBD612
2,W,0x335021A0,0x0963354B0BAB639A9B43DA0315BCBD729
2,W,0x335021B0,0x0A23055AEBAB33BA8B43EA0345CCBD731
2,W,0x335021C0,0x0A82E55ABB9AE3CA5B23DA1355CCAD734
2,W,0x335021D0,0x0AD2A56A6B8A53DA0AB3AA2375BC9D638
2,W,0x335021E0,0x0B326579DB6933E909D34A2395AC8D53D
2,W,0x335021F0,0x0B91F5981B40540010129A23B59C6D342
2,W,0x33502200,0x3DBACA24484B40EED8415E35903214BC
2,W,0x33502210,0x3DBACC1F454E40EED7455D30A43412C0
2,W,0x33502220,0x3DB8CE17444F3FEED7465C2CA73517C1
2,W,0x33502230,0x3CB9CE0F444F3EEED7465C2BAB3518C1
2,W,0x33502240,0x39B9CD0142503DEED8455B28B1351BC0
2,W,0x33502250,0x35B4CC893D5137EDDB445A1EB83423B8
2,W,0x33502260,0x2BA8CBA928512AECE0405981C3323097
2,W,0x33502270,0x0A95C8B89C5301EBE33557A8CC2C362C
2,W,0x33502280,0x095A6C4C0AD5588E9E41453AFD1273736
2,W,0x33502290,0x0A5B6C1C2AC5681E8E4A151AFD3233437
2,W,0x335022A0,0x0AABDBEC3A85781E7E4AF4EAED3203137
2,W,0x335022B0,0x0ADC0BCC4A55781E7E4B24DADD31D2F36
2,W,0x335022C0,0x0AEC1B9C4A35700E6E4B34DAAD41A2D35
2,W,0x335022D0,0x0AEC1B6C5A45600E6E3B34DA3D4172C34
2,W,0x335022E0,0x0ADC1B0C5A65602E5E3B24F8ED5152B33
2,W,0x335022F0,0x0ACC2A0C5A85518E4E3B15011D6132931
2,W,0x33502300,0x5140B731B1A25F513324B386B1DE5925
2,W,0x33502310,0x5039BB2FAA995F513C1DBAA4B9DD5816
2,W,0x33502320,0x5036BC2CA7965F513D16BCA7BDDD5709
2,W,0x33502330,0x4F36BD2CA6935F513F13BCA9BFDD5708
2,W,0x33502340,0x4D35BC2DA58D5E524215BAAEC1DD5710
2,W,0x33502350,0x4831B82CA4815E52451CB5B5C3DD5516
2,W,0x33502360,0x3E21B12DA4015B544C25A1C1C8DC5323
2,W,0x33502370,0x1800A332A21D5955522A16CACEDC5030
2,W,0x33502380,0x0AA009B389A2D5856572829D1D1DB4C3A
2,W,0x33502390,0x0B81C9E3F873458565A222DD4D2DA4B41
2,W,0x335023A0,0x0BD26A241003659565C1D2DD5D2DA4B43
2,W,0x335023B0,0x0C02CA242003759555D192BD5D2DA4B44
2,W,0x335023C0,0x0C030A042033859555D1927D5D1D94A44
2,W,0x335023D0,0x0C1349542173759545C1C1FD4D1D94944
2,W,0x335023E0,0x0C1390041263759545B2103D2CFD94842
2,W,0x335023F0,0x0C1401A41323859535A2594CDCCD84740
2,W,0x33502400,0x29A3B73E531031CAC03744F21EB3C6BA
2,W,0x33502410,0x34A5BA3E542223CCC03346F201A9C6B3
2,W,0x33502420,0x37A6BA3E542618CBBF3347F281A5C6B1
2,W,0x33502430,0x38A4BA3E542813CABF3247F386A4C6AF
2,W,0x33502440,0x38A0B93C542A06CAC03048F388A6C6AE
2,W,0x33502450,0x38A2B437552D91C7C2294BF395ABC5B1
2,W,0x33502460,0x38A4A3295731B0C2C61651F5A3B3C3B6
2,W,0x33502470,0x37A100005935BCB7CC8F55F6A9BBC1BB
2,W,0x33502480,0x330100A45A3AC0B3D1A957F79BC1C1BB
2,W,0x33502490,0x2A2896AF5A3EC0B2D4B258F701C3C2BA
2,W,0x335024A0,0x2232A2B25A40BFB3D5B558F81EC4C3B8
2,W,0x335024B0,0x1B36A6B35940BFB3D5B758F826C4C4B6
2,W,0x335024C0,0x1238A6B35840C0B2D5B958F82CC4C5B5
2,W,0x335024D0,0x13AA4B1573EC2B1D4BB57F731C2C5B5
2,W,0x335024E0,0x0813E9FAC563BC3B0D3BE57F735C0C5B5
2,W,0x335024F0,0x09B4191A25336C6ABD2C156F73BBAC6B4
2,W,0x33502500,0x4C433713D1439E5E449ED74798BE5F3A
2,W,0x33502510,0x4C453002D245895C4182D5498CBF5F3A
2,W,0x33502520,0x4C462A01D246005B3E00D44A83BF5F3B
2,W,0x33502530,0x4C462900D146015B3F00D44A81BF5F3A
2,W,0x33502540,0x4B452C00D146015A400ED34900BF6038
2,W,0x33502550,0x48453000D04418584020D1481CBE6035
2,W,0x33502560,0x42433500CE412D554131C94634BA602C
2,W,0x33502570,0x34423E81CA383751433FBD4342B76009
2,W,0x33502580,0x273E449BC930384B4747B43F46B860A4
2,W,0x33502590,0x1D3A46AAC92737474B4CB53B46B860B4
2,W,0x335025A0,0x153848B0CA2336444D4FB53945B861BA
2,W,0x335025B0,0x143848B2CA2036434E50B53844B761BC
2,W,0x335025C0,0x143647B2CA1B37434F4FB43843B660BD
2,W,0x335025D0,0x173445B2CA1438444E4EB23A41B660BD
2,W,0x335025E0,0x1B3043B3CA0139464E4BAF3C3EB55FBD
2,W,0x335025F0,0x1F2440B4CA813A484E48AA4039B55EBD
2,W,0x33502600,0x3EB8AC444F5F4E5D64CC39A9B0E33E47
2,W,0x33502610,0x3EB7AC46515E505D63CF349EB7E33D48
2,W,0x33502620,0x3CB7AB47515D505C62CF319ABBE33C48
2,W,0x33502630,0x3BB6A947515D505C62CF2B93BBE33C48
2,W,0x33502640,0x38B5A845515C4F5C62CF228BB8E33C48
2,W,0x33502650,0x31B1A8424E5B4C5C62CC008CB5E33B47
2,W,0x33502660,0x1A2A4384759465C62C7B18AA9E43845
2,W,0x33502670,0x0B0009D173D563E5D62C1C50000E53644
2,W,0x33502680,0x0B51699A53653395D62BDD01231E63744
2,W,0x33502690,0x0B11BA1B434523C5D63BBD5203CE73845
2,W,0x335026A0,0x0AC1DA5B834513F5D63BAD72241E73845
2,W,0x335026B0,0x0A61DA8B93550405C63B9D82242E73844
2,W,0x335026C0,0x0A01EAAB83550425B63B6D91D42E73744
2,W,0x335026D0,0x0901FACB33750435A62B2D90A41E73544
2,W,0x335026E0,0x420AFA83A51455962A9D88540E63144
2,W,0x335026F0,0x2621B1813E524857618FD8A53EE62943
2,W,0x33502700,0x0CEC3D5C2454601C024E1B88BBC751EDC
2,W,0x33502710,0x0D1C5D6C2414590BA2BE1B500BC7526DC
2,W,0x33502720,0x0D1C6D6C23F459CB72BE1B303BA7527DB
2,W,0x33502730,0x0D1C6D6C33E449FB62EE1B20CB97526DB
2,W,0x33502740,0x0D2C7D6C33B439EB531E1B311B97524DB
2,W,0x33502750,0x0D2C8D6C63242A0AF32E1B10EB3751CDA
2,W,0x33502760,0x0D3CCD6CA003EA19933E1AF0AA27400D8
2,W,0x33502770,0x0D4CED6CEB3369C0138E1AD07017497D5
2,W,0x33502780,0x0D5CFD5CFBD2E900042E1B20F007490D5
2,W,0x33502790,0x0D6CED4CEBE26009C47E0B7169C7401D5
2,W,0x335027A0,0x0D6CDD4CEBF2200A54BE0BA1BA87318D5
2,W,0x335027B0,0x0D6CDD4CDC02100A84DE0BB1DAE7321D5
2,W,0x335027C0,0x0D7CDD3CDC12200A84EDFBB1CB07324D5
2,W,0x335027D0,0x0D7CDD3CCC22700A64FDEBA17AF7226D4
2,W,0x335027E0,0x0D8CED2CCC42E00A350DCB70EAE7228D4
2,W,0x335027F0,0x0DACED1CBC734009F50DAB400AB712CD3
2,W,0x33502800,0x0C7704245B748B9BC5468C9D06153B1C1
2,W,0x33502810,0x0C76F3F43B245BABB5469CAD16253B6BE
2,W,0x33502820,0x0C76E3D41B143BABA5469CAD16253B7BC
2,W,0x33502830,0x0C76E3D41B142B9B95469C9D26353B9BA
2,W,0x33502840,0x0C76E3B41B241B7BA5469C8D26354BBB5
2,W,0x33502850,0x0C86D3640B438B3BB5369C4D46454BFA9
2,W,0x33502860,0x0C96A273FB715A3BC526AB7D96556C413
2,W,0x33502870,0x0CB68003EBAAD0ABE516A81DD6657C93B
2,W,0x33502880,0x0CA66A13EBFB32BC2506A23E06758CE47
2,W,0x33502890,0x0C864AC3EC3AE33C6516A26E06858D14D
2,W,0x335028A0,0x0C764B23EC5A734C9516A24E06858D250
2,W,0x335028B0,0x0C663B43EC6A534CA516A22E06858D251
2,W,0x335028C0,0x0C663B63DC6A632CC51691FE06858D352
2,W,0x335028D0,0x0C662B83AC7AA2FCE506918DF6858D352
2,W,0x335028E0,0x0C561BB36C8B027D04F6707DE6858D454
2,W,0x335028F0,0x0C560BE30CAB418D24D6681DD6958D655
2,W,0x33502900,0x0DDC6CCBD463E58A3EE9F19C6555B212F
2,W,0x33502910,0x0DCC8CEBE493D58A9EE841EC955592730
2,W,0x33502920,0x0DBC9D0C04A3D57ABEE8122CA55592A2F
2,W,0x33502930,0x0DBCAD0BF4B3D57ABEE8122CB54582A30
2,W,0x33502940,0x0DBCACFBC4D3C57A7EE8320CD53582631
2,W,0x33502950,0x0DACDCDB950395596ED8A19D05157172F
2,W,0x33502960,0x0D8D1C7B155315119EB9801D44A55952B
2,W,0x33502970,0x0D5D4C1925A224733E9A58CDA3C54B22B
2,W,0x33502980,0x0D4D5B6285E07423AE8ABA5DD1654B935
2,W,0x33502990,0x0D3D5AB3A6081403CE7AAB1DFA556BA3F
2,W,0x335029A0,0x0D3D5A1406090413CE6A7B4DFB357BA43
2,W,0x335029B0,0x0D3D495416096413DE6A4B6DFB758BB45
2,W,0x335029C0,0x0D3D49041609C423DE5A3B7DEB858BB46
2,W,0x335029D0,0x0D3D3914060A1433EE5A1B8DEB658BA49
2,W,0x335029E0,0x0D3D2963E5FA64540E5A1B9DCB458B94C
2,W,0x335029F0,0x0D3D1A03A5DAB4742E4A0BADAAF58B750
2,W,0x33502A00,0x2709D54651010B634F932C6B24ACD6C1
2,W,0x33502A10,0x0900D5484E0110634EA3346B27A6D6C5
2,W,0x33502A20,0x08100D5494D0116634EA9366B29A8D5C7
2,W,0x33502A30,0x08381D5494C0015634EAB376B29A5D5C8
2,W,0x33502A40,0x08887D5484A000B634DA9396B25A0D4C7
2,W,0x33502A50,0x0988DD546470000624DA23A6A039AD1C6
2,W,0x33502A60,0x0A697D5423F0095614B863D68AC88C8C3
2,W,0x33502A70,0x0ADA5D5382E81AB5F49074167C011B7BD
2,W,0x33502A80,0x0A9B0D42F19A1B75D461A4366C5328CB1
2,W,0x33502A90,0x0A1B3D32710AFBF5B43254466C53E1B97
2,W,0x33502AA0,0x09AB4D22311B3C15B42284567C4422700
2,W,0x33502AB0,0x099B4D12012B5C25A412B4567C3432C03
2,W,0x33502AC0,0x09FB4D11614B5C15A412F4567C2422F0D
2,W,0x33502AD0,0x0A6B2D00117B5C05940334466C1403111
2,W,0x33502AE0,0x0B0AFCD911BB4BC58403A4366BD3B3417
2,W,0x33502AF0,0x0B6A8CAAA20B3B7563F424266B7343720
2,W,0x33502B00,0x0A6D3CD8DA131BA3F9300224C59C54A81
2,W,0x33502B10,0x0A3D3CEA5A12BB53EA2892F4C5AC648A1
2,W,0x33502B20,0x0A4D3CDAB9C27B23EA391314C5BC748A6
2,W,0x33502B30,0x0A4D2CDAE9826B23CA397324C5BC747A8
2,W,0x33502B40,0x0A2D2CDB09A27B33AA096324B5AC847AB
2,W,0x33502B50,0x0A3D0CBB3A126B6369400324B58C946B2
2,W,0x33502B60,0x0A4CAC9B9A826BB2E0123324B54CB44BB
2,W,0x33502B70,0x0A2C2C7C0AF29C2152633324A4ECD41C3
2,W,0x33502B80,0x090B8C7C4AF30C79D3437354945CE3FC6
2,W,0x33502B90,0x1ADC8C5AC34CCB03B3638483FCD3DC7
2,W,0x33502BA0,0x17A2C9C6AA36CFB43E3639483ACC3CC7
2,W,0x33502BB0,0x1F95C9C6A936D0B63E35394738CC3BC7
2,W,0x33502BC0,0x2182C8C5AA36D0B63D35384637CB3AC5
2,W,0x33502BD0,0x2200C6C4AD35CFB43B35364538C939C3
2,W,0x33502BE0,0x2411C3C3B133CEB1393533423AC639BD
2,W,0x33502BF0,0x2721BFC0B532CCAB36352E3B3DC138B2
2,W,0x33502C00,0x39A83A25DBD1D2A2C155BCB20BC749E6
2,W,0x33502C10,0x40A83922DBD1D397C055B6B502C54DE6
2,W,0x33502C20,0x42A63920DAD2D491C155B3B601C44EE5
2,W,0x33502C30,0x42A53921DAD2D48EC155B3B801C34EE5
2,W,0x33502C40,0x40A43726D9D2D58BC154B5B900C14EE5
2,W,0x33502C50,0x3C92342DD7D3D683C152B9B894BA4DE4
2,W,0x33502C60,0x311D2E37D3D4D900C14EC1B8B0A84CE3
2,W,0x33502C70,0x5321C42CCD5DC01C045C7B8BB1C4AE1
2,W,0x33502C80,0x0A2318849C6D4DE0FBE3BCDB8BD3849E0
2,W,0x33502C90,0x0AF1BA74FC4D2DF19BC32D1B9BA414ADD
2,W,0x33502CA0,0x0B300AF51C2D1E01EBA2DD2B9B7434ADB
2,W,0x33502CB0,0x0B595B152C1D0E01FBA29D2B8B6444ADA
2,W,0x33502CC0,0x0B6A3B352C0D0DF1DBC27D2B6B6444ADA
2,W,0x33502CD0,0x0B7ACB752BCCFDE19BF25D2B4B8444BD9
2,W,0x33502CE0,0x0B7B4BC53B6CEDC10C323D3B2BB444BD9
2,W,0x33502CF0,0x0B9BDC253ADCDDA01C61FD3ADBF444CD8
2,W,0x33502D00,0x0D8C8C1C9C6274DC81ED9D048B4C83AD4
2,W,0x33502D10,0x0DACAC2CCC7254BCA26DAD049B9C938D1
2,W,0x33502D20,0x0DBCBC2CDC6254ACB29DAD149BBCA37D0
2,W,0x33502D30,0x0DCCBC2CDC62349CB29DAD14ABBCB37CF
2,W,0x33502D40,0x0DCCAC3CCC62048C827DAD04ABACA36CD
2,W,0x33502D50,0x0DCC7C5CBC41344C421D9CF4CB9CA33CA
2,W,0x33502D60,0x0DDC1C9C8C0813BB40CD7CD4EB7C92BC3
2,W,0x33502D70,0x0DDB5CDC4B8A5281C86D4C951B3C71AB4
2,W,0x33502D80,0x0DDA8CFC0B9B31642A2D2C552ADC310A5
2,W,0x33502D90,0x0DDA4CFB9BCB9174CA9D1C252A4BE159B
2,W,0x33502DA0,0x0DDA4CFB5BFBB1951ACD1C0529BBA1B93
2,W,0x33502DB0,0x0DDA5CFB2C0BC1C52ADD1BE5295B92086
2,W,0x33502DC0,0x0DCA6CEB0C0BC2052AED1BD5292B92500
2,W,0x33502DD0,0x0DBA6CCAEC0BB2452ADD1BB5290BA2D0D
2,W,0x33502DE0,0x0DAA7C9ABC0BA2C51ADD1B95189BB3520
2,W,0x33502DF0,0x0D8A9C5A9BFB93350ADD1B74F81BD3E2A
2,W,0x33502E00,0x0C4410855C7D5ADB15CE72D5A01C4A247
2,W,0x33502E10,0x0C33E1653C9D6B1B15BE62A5C17C5A447
2,W,0x33502E20,0x0C33D2152CAD6B2B05AE62A5D1BC5A346
2,W,0x33502E30,0x0C23E2051CAD6B2B05AE6275D1BC5A446
2,W,0x33502E40,0x0C13F1550CAD6B1B059E6225D14C4A546
2,W,0x33502E50,0x0BB42044CC8D5B3AA58E60B5D00C19A42
2,W,0x33502E60,0x0A8478944C5D5B79F55E7A15EA4B70037
2,W,0x33502E70,0x174FAC36C1D5B98152E7B85FB6A21C20
2,W,0x33502E80,0x3052C227C0D4B7124EE7C360BE871000
2,W,0x33502E90,0x3254CD1BBFD3B42449E6C660C189818B
2,W,0x33502EA0,0x3256D213BFD3B22B46E6C860C2919498
2,W,0x33502EB0,0x3256D40CC0D2B23045E6C860C397999D
2,W,0x33502EC0,0x3256D401C0D1B13244E5C860C3A197A0
2,W,0x33502ED0,0x3355D481C1CFB13443E5C760C2AA8EA1
2,W,0x33502EE0,0x3454D498C2CBB13542E4C660C1B400A1
2,W,0x33502EF0,0x3652D4AAC3C5B03640E4C460BFBD09A1
2,W,0x33502F00,0x4C125BC46345D02D39B0B0CD0161E142
2,W,0x33502F10,0x4C005BC66347D1343FB7B5CE0761E242
2,W,0x33502F20,0x4D005AC76347D23641B9B7CF1061E342
2,W,0x33502F30,0x4D005AC76247D23640BAB8CF1261E342
2,W,0x33502F40,0x4D015AC76248D2363DBBB8CF1360E341
2,W,0x33502F50,0x4F035AC7624AD23338BBB7CF1B5FE43C
2,W,0x33502F60,0x51135AC7624ED3282CBBB6CF275CE430
2,W,0x33502F70,0x53235AC66251D41481BAB4CE3259E505
2,W,0x33502F80,0x543259C26254D304B4B8B0CB3757E5A2
2,W,0x33502F90,0x543A57BB6255D301BFB6A5C83955E5B1
2,W,0x33502FA0,0x543F57B56156D304C2B49AC53B55E5B6
2,W,0x33502FB0,0x544157B26156D207C3B390C43B54E5B8
2,W,0x33502FC0,0x544157B26157D203C3B284C23B54E5B9
2,W,0x33502FD0,0x544257B56157D100C3B081C13A54E5B8
2,W,0x33502FE0,0x544357B96157D183C2AA00BD3753E5B7
2,W,0x33502FF0,0x534458BE6157D09DC1A200B63452E5B5
2,W,0x33503000,0x0C52101D546CA51C24538300F1E414DA0
2,W,0x33503010,0x0C99213D445CC51C1473B131E81404EA2
2,W,0x33503020,0x0CDB121D344CE50C1493D9727A2404FA5
2,W,0x33503030,0x0CFBC28D243CE4EC14B3FAC2FAE404FA7
2,W,0x33503040,0x0D0C22CD243CF4DC04C40B532B5404FA8
2,W,0x33503050,0x0D1C52BD143D14CBF4D42BC35B94050A5
2,W,0x33503060,0x0D1C730D142D04BC04D42BF37BB404FA7
2,W,0x33503070,0x0D1C932D141D04BBF4E42C038BD414FA7
2,W,0x33503080,0x0D2C931D141D04ABE4E42C238BE404FA5
2,W,0x33503090,0x0D2CA32D041D04ABE4E42C239BF404FA6
2,W,0x335030A0,0x0D2CC37D03FCD4AC04F41C139BD414CAA
2,W,0x335030B0,0x0D2CD3BD13ECB4AC04F41C039BD424BAC
2,W,0x335030C0,0x0D1CF41D13CC64AC1503FBC38B94347B1
2,W,0x335030D0,0x0D0D146D238BE4AC1513AB636B54542B5
2,W,0x335030E0,0x0CCD34CD337B04ABF5237B136B3483AB5
2,W,0x335030F0,0x0CDD34DD338B24ABB5238B236B6483BB4
2,W,0x33503100,0x0BF135B13B1274220280BA33E57C4D145
2,W,0x33503110,0x0C3015D28AE35432C3799A24055C3CD48
2,W,0x33503120,0x0C6815F32AB3D443441AFA34153C1C84A
2,W,0x33503130,0x0C8866037A942443846B7A54251BEC44C
2,W,0x33503140,0x0CB91613BA745453B4ABDA64250BBC24E
2,W,0x33503150,0x0CF9B623FA747453D4CC1A3434EB9C050
2,W,0x33503160,0x0CE996240A748453E4EC2A6434CB8BC4F
2,W,0x33503170,0x0CF986241A749443F50C3A8434BB7BA4F
2,W,0x33503180,0x0D09C6241A74A454050C4A7434BB6B950
2,W,0x33503190,0x0D09F6342A64A454051C4A6434AB6B750
2,W,0x335031A0,0x0CC936340A649434051C5AD4149B6B24C
2,W,0x335031B0,0x0CA89633FA649414051C5B24048B5AC4B
2,W,0x335031C0,0x0C500633BA6483E3F51C6B73A46B59F46
2,W,0x335031D0,0x0BB156235A745383E52C6BE3244B3013F
2,W,0x335031E0,0x0B2266231AC44313D53C8C51E41B22534
2,W,0x335031F0,0x0B5276232AD43303F54C8C51241B22936
2,W,0x33503200,0x0AAC200C5AC5425E3E3AF522AD812272C
2,W,0x33503210,0x0A9C222C5AF542FE2E3AE5336D9112425
2,W,0x33503220,0x0A6C230C6B25334E1E2AC543EDA10221B
2,W,0x33503230,0x0A4C235C6B45238E0E2A95642DB10220C
2,W,0x33503240,0x0A3C239C6B5523CDFE2AB5644DC132000
2,W,0x33503250,0x0A6C43DC6B55240DEE2B15747DD141889
2,W,0x33503260,0x0A2C33DC6B75241DDE2AD5747DD131B91
2,W,0x33503270,0x0A2C33FC5B85241DDE2AD5848DD141C96
2,W,0x33503280,0x0A3C340C5B85242DCE2AF5849DD15199B
2,W,0x33503290,0x0A2C340C5B85142DCE2AD584ADD15199E
2,W,0x335032A0,0x096BF3DC5BB513FDDE2A25948DD112497
2,W,0x335032B0,0x08DBA3DC5BE513CDDE2985948DD132995
2,W,0x335032C0,0x0AF39C4C15036DEE1015A47DD123288
2,W,0x335032D0,0x1B8134C5C4502BDFE1265B46DC143A00
2,W,0x335032E0,0x25272DC6C84F20E0E1315D46DC1D4101
2,W,0x335032F0,0x242A31C5C84F1FE0E1305D48DC204100
2,W,0x33503300,0x0C1442E403A385952582AACC6C8D8453B
2,W,0x33503310,0x0C149383E413A5951562EB7BEC4D74337
2,W,0x33503320,0x0C14D403D453B59505431C0B0C1D64131
2,W,0x33503330,0x0C14F443B483C584F5332C495BBD64029
2,W,0x33503340,0x0C151473B4A3D584F5133C60DB6D63F24
2,W,0x33503350,0x0C2524A3C4D40584E5132C923B0D53F23
2,W,0x33503360,0x0C2524B3B4D40574E5033CA2BADD53D19
2,W,0x33503370,0x0C2534C3A4E40574E4F33CA31A9D53D15
2,W,0x33503380,0x0C2534D3B4F41574E4F33CB33A6D53D16
2,W,0x33503390,0x0C2534E3B4F41574E4E33CC35A5D53C13
2,W,0x335033A0,0x0C1524D384F3E574E4B34CB37AAD53A01
2,W,0x335033B0,0x0C1524D364F3B564E4A35CA39ACD53900
2,W,0x335033C0,0x0C0514C324E35564F4637C93CB2D63794
2,W,0x335033D0,0x0BE4D4B254D2C54504139C63FB6D635A6
2,W,0x335033E0,0x0BC4A4B134D1B5351393AC343BAD735AF
2,W,0x335033F0,0x0BB4B4B184E1653513B3AC345BBD735AD
2,W,0x33503400,0x0A844008C5131C9A6D0C355F741B3C7B4
2,W,0x33503410,0x0B24613064D25CBA1CEC554F744A6C7B3
2,W,0x33503420,0x0B74823214913CE96CBC753F7478AC8B2
2,W,0x33503430,0x0BA492D2B4500D084C8C952F74A0BC8B1
2,W,0x33503440,0x0BE4B3232428ED100C5CA52F74C1FC7B1
2,W,0x33503450,0x0C14D3435409AD100C5CB51F74F25C8B0
2,W,0x33503460,0x0C14C36373FA0D205C3CB50F74F2BC7B0
2,W,0x33503470,0x0C14D38393DA3D211C2CC50F74F2FC7AF
2,W,0x33503480,0x0C24D383A3BA5D213C2CC50F75030C7AE
2,W,0x33503490,0x0C24D383B3AA5D316C2CC50F75032C6AE
2,W,0x335034A0,0x0BF4A393B3AA6D422C0CB4FF74D34C6B0
2,W,0x335034B0,0x0BD483A3D39A6D427BDCB4FF74C35C5B0
2,W,0x335034C0,0x0B6453C3D39A7D530B8CA4FF74737C4B1
2,W,0x335034D0,0x0A73F3F3F38A9D636AFC84FF64039C3B3
2,W,0x335034E0,0x08137424236ADD73E89C64DF6343BC1B4
2,W,0x335034F0,0x08839414332ACD74081C64DF6363CC0B3
2,W,0x33503500,0x220A37B5CB983B4B4D44A14333B45CBC
2,W,0x33503510,0x25922AB7CBA53C4D4C3F93452DB45ABD
2,W,0x33503520,0x26A606B9CCAD3E504B38004724B358BC
2,W,0x33503530,0x27B19ABACCB140514A3111491EB257BB
2,W,0x33503540,0x27B6A9BCCDB440524A2A1E4B18B256BB
2,W,0x33503550,0x26BCB2BECEB640524B26204B15B355BD
2,W,0x33503560,0x25BDB7BECEB741524A21264C14B254BC
2,W,0x33503570,0x24BEB9BFCDB741534A1A2A4D14B154BC
2,W,0x33503580,0x23C0BAC0CEB841534A172B4D13B154BC
2,W,0x33503590,0x22C1BCC0CEB841534A122D4D11B154BC
2,W,0x335035A0,0x1DBEBEBECDB742534901324E13AD53B8
2,W,0x335035B0,0x19BDBFBDCCB742544800354E14A953B6
2,W,0x335035C0,0x11BAC0BACAB6435547913A4F16A353B0
2,W,0x335035D0,0x1B5C1B6C7B6455645A340501A94529E
2,W,0x335035E0,0x081B3C1B3C4B6465845AF445123005100
2,W,0x335035F0,0x081B5C0B3C4B5465945B2445125005100
2,W,0x33503600,0x3623B32442544B556018D8B53AE51943
2,W,0x33503610,0x4124B53744554F535E30D7BF37E40043
2,W,0x33503620,0x4526B742475651515C3AD7C533E39642
2,W,0x33503630,0x4928B8474958524F5A41D6C930E3A441
2,W,0x33503640,0x4C29B84A4B59534C5A44D6CC2CE2AC41
2,W,0x33503650,0x502ABA4D4D59544A5946D6CF2EE2B141
2,W,0x33503660,0x502BBA4F4D5A54495848D6D028E1B241
2,W,0x33503670,0x512CBA504D5A54485849D6D126E1B341
2,W,0x33503680,0x512CBA514E5A55475849D6D126E1B441
2,W,0x33503690,0x522CBB514E5A5547574AD5D124E1B541
2,W,0x335036A0,0x502CB9524D5A54465649D4D213E1B540
2,W,0x335036B0,0x4F2BB8524C5B53465549D3D201E0B53F
2,W,0x335036C0,0x4C2BB5534B5B52465349D1D297E0B53D
2,W,0x335036D0,0x462CAF53485B4F465049CED2AFDEB43B
2,W,0x335036E0,0x3F2BA554475B49454B48CBD2B9DDB43A
2,W,0x335036F0,0x4029A654475C49454A48CAD2BADDB63B
2,W,0x33503700,0x0DCCFD0CAC93A009550D7B089A7702FD2
2,W,0x33503710,0x0DDCFCDC9CC40008D51D4A79DA56E32D1
2,W,0x33503720,0x0DFCFCBC8CF43008151D19BA6A06C33D0
2,W,0x33503730,0x0E0D0C8C7D146000150CE81AD956B34CD
2,W,0x33503740,0x0E0D0C6C7D148810150CA01B0926A34CC
2,W,0x33503750,0x0E1CFC4C6D149810051C801B29A6936CB
2,W,0x33503760,0x0E1CFC3C6D24A860550C613B38E6936C9
2,W,0x33503770,0x0E1CFC2C6D24B880A4FC51AB4846935C9
2,W,0x33503780,0x0E1CFC2C5D24C890350C419B48C6836C8
2,W,0x33503790,0x0E1CFC1C5D34C900C50C31BB5876837C8
2,W,0x335037A0,0x0E1CFC2C6D34D8E224DC324B50E6834C7
2,W,0x335037B0,0x0E1CFC3C6D34E8E294CC329B5206831C7
2,W,0x335037C0,0x0E0D0C5C6D44F8B3448C331B6326829C6
2,W,0x335037D0,0x0DFCFC8C7D551813F43C337B6406813C5
2,W,0x335037E0,0x0DECFCBC8D452004339C33DB5466985C5
2,W,0x335037F0,0x0DECFCBC8D45200433AC33CB5466981C5
2,W,0x33503800,0x0C45DC122CBB900D44A6497DC6958D757
2,W,0x33503810,0x0C35AC200CDBE9FD64862A6DA6958D859
2,W,0x33503820,0x0C257C3A0CEC2ADD84561AED96A58D95B
2,W,0x33503830,0x0C255C4AFCFC4B4DA4460B2D86A59DA5C
2,W,0x33503840,0x0C153C4B5D0C6B7DB435DB5D86A59DB5E
2,W,0x33503850,0x0BF52C4BBD1C6BADC435CB8D76A59DB5F
2,W,0x33503860,0x0BF51C4BED1C7BDDC425BB8D76A59DB5F
2,W,0x33503870,0x0BE51C4C0D1C8BEDC415BB9D76A59DC60
2,W,0x33503880,0x0BD50C4C1D1C7BEDD415ABAD66A59DC60
2,W,0x33503890,0x0BD4FC4C2D1C7BFDD415ABBD66A59DC60
2,W,0x335038A0,0x0BF50C4C2D0CAC0DC405AB9D66A59DB5F
2,W,0x335038B0,0x0C050C3C2CFCBC0DB3F5AB8D56A59DB5E
2,W,0x335038C0,0x0C151C2C1CDCEC0DA3D5AB4D56A59DA5D
2,W,0x335038D0,0x0C352C0BFC9D1C0D7395AAED46A59DA5A
2,W,0x335038E0,0x0C353BDBFC6D3BFD53759A4D36A5AD959
2,W,0x335038F0,0x0C252BBC0C8D2BED53858A6D26A5AD959
2,W,0x33503900,0x0D4D0A7355CB14A44E3A0BCD8A458B452
2,W,0x33503910,0x0D4CDAF315AB44D46E29FBDD69058B255
2,W,0x33503920,0x0D4CAB42658B64F48E29FBED40558AD57
2,W,0x33503930,0x0D4C9B91757B75049E1A1BED32258A858
2,W,0x33503940,0x0D4C7BD0156B9514BE1A4BFD22958A45A
2,W,0x33503950,0x0D4C6BE0155BA514CE0A5C1D12C58A05B
2,W,0x33503960,0x0D4C6C18154BA514CE0A5C0D132589B5B
2,W,0x33503970,0x0D4C6C28E54BA524CE0A7BFD03458995B
2,W,0x33503980,0x0D4C5C28E54BB524DE0A7C0D03458975C
2,W,0x33503990,0x0D4C5C29454BB524DE0A7BFCF3558975C
2,W,0x335039A0,0x0D4C6C3A254B9524CE0A8BBD03956985B
2,W,0x335039B0,0x0D4C7C5A854B7514BE0ABB8D03B569B5B
2,W,0x335039C0,0x0D3C9C7B254B45149E0AFB3D140549F59
2,W,0x335039D0,0x0D3CBCABA54AF4F47E0B4A5D24351A257
2,W,0x335039E0,0x0D3CECFC155A24D45E1BA85D3464EA356
2,W,0x335039F0,0x0D3CDCFC155A14E46E1BC81D3454EA656
2,W,0x33503A00,0x0BEA0C7B623B2AE543E484065B0233C25
2,W,0x33503A10,0x0C392C3C028B29E523D4E3D65A281402B
2,W,0x33503A20,0x0C781BFC52CB100513D523A6483A9432F
2,W,0x33503A30,0x0CB00B9C92FB01E4F3D54376405B74531
2,W,0x33503A40,0x0CE01B5CC31B12A4D3D55356319BE4733
2,W,0x33503A50,0x0CF02B0CF33B3304B3C57336322C14837
2,W,0x33503A60,0x0D008AECF33B1344B3D57326325C44936
2,W,0x33503A70,0x0D10AABD034B1364A3E58326328C64A36
2,W,0x33503A80,0x0D10DA8D134B337493D59316329C64A37
2,W,0x33503A90,0x0D112A7D134B238493D59316329C74B36
2,W,0x33503AA0,0x0D217AED032AD394B3F58316227CA4A30
2,W,0x33503AB0,0x0D219B1CF31A93B4C4057326225CC4A28
2,W,0x33503AC0,0x0D31EB6CD2B9C3D4E4156336121CF4908
2,W,0x33503AD0,0x0D421BDCA220040504453356115D248A2
2,W,0x33503AE0,0x0D520C2C9121442524752385F09D446B3
2,W,0x33503AF0,0x0D522C2C91003415247523A5E01D446B4
2,W,0x33503B00,0x292BB5BCBA2FC9A13336243240B83792
2,W,0x33503B10,0x2C33A8B6BE2BC68E3037142142A93523
2,W,0x33503B20,0x2C3785B2C128C3012B39000043853336
2,W,0x33503B30,0x2C3A15ADC325C118273B8A9744163240
2,W,0x33503B40,0x2C3C26A7C425BE20253C96A644263045
2,W,0x33503B50,0x2F3E2DA3C427BC22273D99B044312D48
2,W,0x33503B60,0x2C3E32A2C525B929253FA0B144332B49
2,W,0x33503B70,0x2A3F349FC525B72B233FA2B345352A4B
2,W,0x33503B80,0x2C40369BC526B62A233FA2B54437294C
2,W,0x33503B90,0x2B403799C526B52C213FA3B64439294D
2,W,0x33503BA0,0x233D399DC521B1331940A7B447382A4B
2,W,0x33503BB0,0x1B3B3B9CC41DAC350F3EAAB548382A4B
2,W,0x33503BC0,0x1373DA0C411A13B003EB0B44C372B49
2,W,0x33503BD0,0x09A303FA3C3000041923CB4B350332D47
2,W,0x33503BE0,0x0AD2140A4C1852145A139B9B352302D47
2,W,0x33503BF0,0x0AE2041A2C0812343A536B9B653322E48
2,W,0x33503C00,0x0BAC3C75498CCD881CB18D3A6C2444CD7
2,W,0x33503C10,0x0BBC9CC5406CBD594D010D39EC5444ED6
2,W,0x33503C20,0x0BBCDD05525CAD39ED207D391C8434FD6
2,W,0x33503C30,0x0BBD0D25431CAD1A3D402D381CB4350D6
2,W,0x33503C40,0x0BBD2D45535CACFA6D601D400CD4350D5
2,W,0x33503C50,0x0BCD3D65538CACDA8D700D400CD4451D5
2,W,0x33503C60,0x0BBD4D6553ACBCBA8D800D400CF4351D5
2,W,0x33503C70,0x0BBD4D6553CCBCAAAD801D400D04351D5
2,W,0x33503C80,0x0BBD4D7553DCBC9AAD900D500D04452D5
2,W,0x33503C90,0x0BBD5D7553DCBC9AAD901D501D04352D4
2,W,0x33503CA0,0x0BAD3D6543FCCC8AAD912D400D04252D5
2,W,0x33503CB0,0x0B9D3D55440CEC8ABD91BD300D14252D5
2,W,0x33503CC0,0x0B7D1D35341D0C8ACD926D282D14151D6
2,W,0x33503CD0,0x0B3CCD15142D2C8AEDA30D194D24051D6
2,W,0x33503CE0,0x0AEC7D04F43D4C7B0DB36CFA3D34050D7
2,W,0x33503CF0,0x0AFC7D05043D4C7B1DB37D0A5D24151D7
2,W,0x33503D00,0x0D6ACC0A7BDB7394EACD1B44C00BF4433
2,W,0x33503D10,0x0D4AEB6A6BCB63E4CACD1B14801C04A38
2,W,0x33503D20,0x0D2B0A9A6BAB44149ABD2AE4501C14F3C
2,W,0x33503D30,0x0D1B192A7B8B34346A9D2AA4301C35140
2,W,0x33503D40,0x0D0B101A7B7B34544AAD2A74004C35341
2,W,0x33503D50,0x0CEB11EA6B6B24645ACD3A33C12C25540
2,W,0x33503D60,0x0CDB225A8B5B14643A9D3A33B0AC35541
2,W,0x33503D70,0x0CCB12BA9B4B14742A9D3A2390AC35642
2,W,0x33503D80,0x0CCB12EA8B4B14842AAD3A03710C35641
2,W,0x33503D90,0x0CBB130A7B4B04741A9D3A0360DC45742
2,W,0x33503DA0,0x0CCB030ABB1AC473CA4D3A33600C65643
2,W,0x33503DB0,0x0CBAD32ADADA94737A2D3A53400C85544
2,W,0x33503DC0,0x0CCAA32B1A5A4472E9AD3A9348CCB5345
2,W,0x33503DD0,0x0CDA532B59199460B89D3AE349ECF5148
2,W,0x33503DE0,0x0CE9536B9158146A000D4B031A2D24F4A
2,W,0x33503DF0,0x0CD8937B9188147A381D4B12AA1D24F49
2,W,0x33503E00,0x3850D4B5C5BCB0383EE3C260BBC422A2
2,W,0x33503E10,0x3A4BD5BEC7ABAF3A3BE3BF60B7CA2DA4
2,W,0x33503E20,0x3D47D4C3C800B03B39E2BA5FB3D035A6
2,W,0x33503E30,0x3F43D4C6C926B13C37E2B65FAFD23BA9
2,W,0x33503E40,0x4040D4C9CA34B13C36E1B35FA8D43EA8
2,W,0x33503E50,0x403ED5CCCB3AB03C34E1B15EA4D63FA9
2,W,0x33503E60,0x413BD4CDCB3EB13D34E1AD5EA1D642AD
2,W,0x33503E70,0x4139D3CECB40B13C34E1AA5E9DD642AD
2,W,0x33503E80,0x4138D4CECB42B13C34E1A85E99D742AC
2,W,0x33503E90,0x4237D4CFCB43B23C34E1A65E95D743AD
2,W,0x33503EA0,0x4236D1CECA43B33C36E1A05E95D644B1
2,W,0x33503EB0,0x4334CECEC943B33A38E1995E91D645B1
2,W,0x33503EC0,0x4332C6CDC843B4393BE1885E8ED446B2
2,W,0x33503ED0,0x442EB6CCC642B43541E2005F85D149B3
2,W,0x33503EE0,0x432D01CCC442B22C44E2135F00CF4AB3
2,W,0x33503EF0,0x432B0CCDC444B12845E2195E01CF49B0
2,W,0x33503F00,0x534558C26156CDAABF9000AF3051E5B2
2,W,0x33503F10,0x524759C56056CBB3BB01019E294FE5AF
2,W,0x33503F20,0x52485AC96055C9B9B71B0181234CE5A9
2,W,0x33503F30,0x51495ACC6055C7BEB2260004204AE5A4
2,W,0x33503F40,0x514A5BCD6054C6C1B12E00191B48E5A1
2,W,0x33503F50,0x514D5BCD6054C5C3B13200261847E5A2
2,W,0x33503F60,0x514D5BCF6054C5C4A93400261B45E59C
2,W,0x33503F70,0x514D5BD06053C4C5A83581271A45E597
2,W,0x33503F80,0x514E5BD06053C4C6A837812B1844E598
2,W,0x33503F90,0x514E5BD06053C3C6A538812C1644E597
2,W,0x33503FA0,0x514D5BD15F52C3C6953693251843E584
2,W,0x33503FB0,0x514C5BD25F52C2C68A369C221543E500
2,W,0x33503FC0,0x514A5BD35E50C2C60134A70F1243E612
2,W,0x33503FD0,0x50475CD65C4DC2C51F30B28D0E43E726
2,W,0x33503FE0,0x51465BD85B49C2C6262DB9A40943E732
2,W,0x33503FF0,0x51465BD85C49C1C72230B99F0043E733
2,W,0x33504000,0x0CED44DD338B54ABB5238B236B7473DB4
2,W,0x33504010,0x0D0D44DD239B84ABA5238B335B8453FB3
2,W,0x33504020,0x0D1D44DD239BB49BA5137B334BA4340B3
2,W,0x33504030,0x0D1D54ED239BC4ABB5136B233BA4140B3
2,W,0x33504040,0x0D2D550D237B74ABB5134AE31B8413DB4
2,W,0x33504050,0x0D2D651D237B64ABA5132AB30B93F3CB5
2,W,0x33504060,0x0D3D651D239BD4AB95132AC2CBC3940B4
2,W,0x33504070,0x0D6D64FD13CC74AB75034B329C12B46B1
2,W,0x33504080,0x0D8D64BD040CF4AB54F37B927C4014BA8
2,W,0x33504090,0x0D9D64ACE41D14AB54E36BB24C5974DA3
2,W,0x335040A0,0x0DAD74CCE40D14AB64E34BA21C5A74CA3
2,W,0x335040B0,0x0DBD74ECE40D14BB64D32B717C5B14CA4
2,W,0x335040C0,0x0DCD851CE3FCF4BB84D2CB30CC4B44AA9
2,W,0x335040D0,0x0DCD953CF3CCC4BB94D24AA01C3B547AF
2,W,0x335040E0,0x0DCDA55D03BCA4BB94D1CA200C3B745B1
2,W,0x335040F0,0x0DDDB56D03BC94BB84D169C82C3BA45B1
2,W,0x33504100,0x0B6236232AC432F4154C8C40E41B42C37
2,W,0x33504110,0x0B71F6232AC432E4254C7C30A42B52E38
2,W,0x33504120,0x0B6186332AA432B4354C6C20243B73139
2,W,0x33504130,0x0B3136331A942274453C5C10044B93437
2,W,0x33504140,0x0A517632BA8411A4453C4C29144BB3931
2,W,0x33504150,0x09E176328A840094553C4C3A244BC3E2C
2,W,0x33504160,0x0A4056328A63F0A4853C2C0A346BF3F33
2,W,0x33504170,0x0B5956430A13F1B4B53C0B69649C23C3F
2,W,0x33504180,0x0BFAB64359F40214E52BBA7854DC43845
2,W,0x33504190,0x0BFB364359C3F1B5051B79C8D4FC63945
2,W,0x335041A0,0x0B9B56433983E075051B4959C50C73D43
2,W,0x335041B0,0x0B3B66530923B005150B08DA650C94142
2,W,0x335041C0,0x0A0B565288B38975250AC8CAF51CA443C
2,W,0x335041D0,0x12B3651D8735A8524FA898B650CB4833
2,W,0x335041E0,0x28B165108632B0534FA69FBC50CC4C2A
2,W,0x335041F0,0x2EB26504842EB3534FA39DC050CD4E27
2,W,0x33504200,0x242B32C3C84F19E0E1315D4ADD1F4100
2,W,0x33504210,0x242D34C1C84F11E0E0325E4BDE1C4100
2,W,0x33504220,0x253135BDC84F01E0E0335E4DDE184100
2,W,0x33504230,0x283536B9C74E87E1E0375F4EDF144200
2,W,0x33504240,0x2F3E35B5C94DA4E1DF3D5F4EDF0F4409
2,W,0x33504250,0x314235B1CA4DADE2DE416050E00F460D
2,W,0x33504260,0x31433AA4C94DB2E2DE416051E00A4505
2,W,0x33504270,0x293F4181C54DB1E1DE3F6054E1014200
2,W,0x33504280,0x2337451CC34EADE1DE396056E2003F83
2,W,0x33504290,0x2439462CC24DB1E1DD396057E3813E81
2,W,0x335042A0,0x29404634C24DB8E2DD3F6158E3904000
2,W,0x335042B0,0x2E44473BC24CBFE2DC436159E4964201
2,W,0x335042C0,0x334A4641C34BC4E3DA486259E49D4415
2,W,0x335042D0,0x39514543C54ACAE4D94D635AE4A14822
2,W,0x335042E0,0x3C534546C749CDE4D851635AE4A14A27
2,W,0x335042F0,0x3D554648C749D0E5D852645CE5A04C29
2,W,0x33504300,0x0BB4C4B1F4E1153513D3BC245BCD736AB
2,W,0x33504310,0x0BB4D4A244E045451403BC245BED836AA
2,W,0x33504320,0x0BB4E48274E005551413CC145C0D837A8
2,W,0x33504330,0x0BA4F47294E8B5551413DC046C2D937A9
2,W,0x33504340,0x0B94D45264EA355513F3EBC47C4DA36AE
2,W,0x33504350,0x0B84E44274EAC55513E3FB848C6DB36AF
2,W,0x33504360,0x0B750432F4EB057514240B848C7DB37AB
2,W,0x33504370,0x0B85341384FAE59504940B947C8DC399D
2,W,0x33504380,0x0BA563F4050AC5B4F4F40BA46C8DC3D81
2,W,0x33504390,0x0BA573B4251B15C4F5140B746C9DD3F00
2,W,0x335043A0,0x0B957364350B75D4F5141B447CBDE3E00
2,W,0x335043B0,0x0B857314350BE5E4F5142AE48CEDF3F81
2,W,0x335043C0,0x0B656294350C35E4F5044A449D1E03D92
2,W,0x335043D0,0x0B35520424FC75F504E458F4BD3E13BA2
2,W,0x335043E0,0x0B15513414FCB5F504D46014DD4E13BA7
2,W,0x335043F0,0x0AE5501414ECD60504D47124ED5E23BA8
2,W,0x33504400,0x08F39404331A9D74181C64EF6373DBEB2
2,W,0x33504410,0x0933A3E4330A6D7428DC74FF6393DBCB2
2,W,0x33504420,0x094393B422DA2D84394C74FF63A3EB9B2
2,W,0x33504430,0x08D3639422B9ED84497C650F63A3FB7B2
2,W,0x33504440,0x13037422998D9478AC551F63440B4B2
2,W,0x33504450,0x0F2B36422492DA4900C551F53241B0B2
2,W,0x33504460,0x2E32411D81DA4992C552F53642AAB1
2,W,0x33504470,0x0A137243F0F01DA49ABC753F54242A5AD
2,W,0x33504480,0x0B03F0C3D0012D949B5C853F648429DA8
2,W,0x33504490,0x0B13E003B0019D94AB8C854F54A4286A6
2,W,0x335044A0,0x0AE3A903A8422DA4CB9C755F5494301A6
2,W,0x335044B0,0x0AA369F389326DB4EB9C755F5484416A6
2,W,0x335044C0,0x09E2CA537962CDC51B8C656F5444523A8
2,W,0x335044D0,0x13A7369A30DE52B5C457F540462BAA
2,W,0x335044E0,0x1100AA37A132DF54B1C358F53B4731AB
2,W,0x335044F0,0x1887AE37A633DF54B0C258F5384835AA
2,W,0x33504500,0x090B7C0B4C5B4455A45B3445123005185
2,W,0x33504510,0x097B8BFB5C7B3445A46B4445020005292
2,W,0x33504520,0x0A0B8BEB6C8B1435B46B6445019015297
2,W,0x33504530,0x0A4B8BCB6C9AD435B46B8445011075398
2,W,0x33504540,0x0ABB5BCB5C9A9435C45BD4650071A538B
2,W,0x33504550,0x0B0B5BAB5C9A4435E45C0475001215485
2,W,0x33504560,0x0B2B7B7B6CB9C415E46C1465000205599
2,W,0x33504570,0x0B3BCB2BAD0913B5E47C1434E931457AE
2,W,0x33504580,0x0B7C1AFC0D381365F4AC03F4BA20E59B9
2,W,0x33504590,0x0BCC2ACC1D401355F4BC13D49AA165ABC
2,W,0x335045A0,0x0C0C1A9C1D51734604BC33D49B0215BBC
2,W,0x335045B0,0x0C2C1A3C1D62332614BC63E49B3265CBC
2,W,0x335045C0,0x0C4BE9FC0D62C316149C84149B62D5DB9
2,W,0x335045D0,0x0C5B998BED632326247CC434AB7335EB5
2,W,0x335045E0,0x0C7B68CBCD635316346CE444AB9365EB3
2,W,0x335045F0,0x0C8B600BBD6382E6446D0444BBA385FB3
2,W,0x33504600,0x4127AB54475B4A464A47C8D1BBDEB83B
2,W,0x33504610,0x4124B054475B4B474945C6D1BCDEBA3A
2,W,0x33504620,0x4221B354475B4C474744C4D1BEDFBB39
2,W,0x33504630,0x421BB553465A4D484643C0D1C1DFBD38
2,W,0x33504640,0x3F15B554445A4B494241B7D1C4DFBE35
2,W,0x33504650,0x3C0AB654435A4A493E3FAFD0C7DFC034
2,W,0x33504660,0x4000BA5343594C4A3D3AA4D0C7E0C234
2,W,0x33504670,0x4582C1524458514C41369DCEC5E1C435
2,W,0x33504680,0x4B96C6514558544E433193CDC3E2C735
2,W,0x33504690,0x4CA0C95044575550422909CCC5E3C932
2,W,0x335046A0,0x4BA6CA50425655503D1E2BCBC8E3CA30
2,W,0x335046B0,0x4AACCB5040555551370439CACBE3CC2C
2,W,0x335046C0,0x48B1CC503C5554522E8143C9CFE3CC26
2,W,0x335046D0,0x44B3CB503855535212994AC9D2E3CD21
2,W,0x335046E0,0x41B6CB503554525387A550C8D4E3CE1D
2,W,0x335046F0,0x40B8CC50335451539CAD52C7D5E3CF1B
2,W,0x33504700,0x0DECECAC8D45100433DC339B4456901C6
2,W,0x33504710,0x0DECECAC8D451004340C335B3446914C7
2,W,0x33504720,0x0DECECAC8D450004441C432B2436920C8
2,W,0x33504730,0x0DECECAC8D450814542C430B1426924C9
2,W,0x33504740,0x0DDCECCC8D450004941C430B1456A23C9
2,W,0x33504750,0x0DDCECDC8D450004A41C52DAF466A25CA
2,W,0x33504760,0x0DDCECDC8D44E814A44C521AB436A31CC
2,W,0x33504770,0x0DECDCBC8D34A91464CC687A7386A3CCF
2,W,0x33504780,0x0DFCCC8C7D247924351C6AEA3216B44D1
2,W,0x33504790,0x0DFCAC8C7D146944453C6B6A1086B48D2
2,W,0x335047A0,0x0DFCAC8C6D245974653C7B99C096C4AD2
2,W,0x335047B0,0x0DFCACAC6D244974854C8BD960B6C4BD3
2,W,0x335047C0,0x0DECBCCC7D244984C53C9BE92206D4BD4
2,W,0x335047D0,0x0DECBCEC7D344975152CABD8C2F6D4BD4
2,W,0x335047E0,0x0DDCCD0C7D343955251CABD81346E4AD5
2,W,0x335047F0,0x0DDCCD1C7D343925352CBC000356E4BD6
2,W,0x33504800,0x0C251BBC1C9D1BED63958A9D26A5AD859
2,W,0x33504810,0x0C250BBC1CBD0BED73B57AED2695AD859
2,W,0x33504820,0x0C14FBBC2CDCEBED83C57B1D1695AD758
2,W,0x33504830,0x0C24DBBC2CDCDBED83D56B3D1695AD658
2,W,0x33504840,0x0C24EBAC1CDCDBED73C56B3CF685AD656
2,W,0x33504850,0x0C24CB9C1CECCBDD73C55B3CE685AD555
2,W,0x33504860,0x0C249BAC2D0C8BDD93F54B7CD6759D455
2,W,0x33504870,0x0C143BCC3D4C1BCDC4253BFCC6759D455
2,W,0x33504880,0x0BC3ABEC5D7B4BADF4651C4CD6658D357
2,W,0x33504890,0x0BA34BEC5D9A6BAE04851C6CC6558D256
2,W,0x335048A0,0x0BB31BEC5D99FBAE04850C7CA6557D155
2,W,0x335048B0,0x0BC2BBDC5DA8DBAE1494FC8C86457D053
2,W,0x335048C0,0x0BF2ABDC4DA8EBBE1484FC8C66457CF51
2,W,0x335048D0,0x0C22DBBC3D999BBE0474FC8C36457CD4D
2,W,0x335048E0,0x0C22BBAC3D999BBE0474DC8C06357CB49
2,W,0x335048F0,0x0C325B8C2DA8DBAE0474CC9BD6357C947
2,W,0x33504900,0x0D3CCCEC055A14F47E1BC81D3454EAA57
2,W,0x33504910,0x0D3CBCDBF54A35048E1BB81D3444FAE57
2,W,0x33504920,0x0D3CBCBBF54A45148E1BA00D2434FB158
2,W,0x33504930,0x0D3CACABF54A45148E1B901D2434EB459
2,W,0x33504940,0x0D3CACAC154A15147E2B919D2444BB758
2,W,0x33504950,0x0D3CACAC2549C5147E2B923D2444ABA58
2,W,0x33504960,0x0D3C8C6C153A15348E2B721D2424BBD5A
2,W,0x33504970,0x0D3C3C0B952AB554CE2B30BD03D50C15D
2,W,0x33504980,0x0D4C0B7B152B2574FE2B081CD3452C260
2,W,0x33504990,0x0D4BCB1AF51B3584FE3AD00CC3153C461
2,W,0x335049A0,0x0D4BBAAB151B3594FE3A908CB3052C661
2,W,0x335049B0,0x0D4B8A4B250B35A4FE3A71ACB2F52C961
2,W,0x335049C0,0x0D3B89FB550B15A4EE4A428CB3250CB61
2,W,0x335049D0,0x0D3BAA1BB50AD5A4CE4A333CB354CCD61
2,W,0x335049E0,0x0D3BAA2BE50A95A4BE5A438CB3749CF60
2,W,0x335049F0,0x0D3B89FBE4FA75B4BE5A53ACB3749D060
2,W,0x33504A00,0x0D528C2C80E00405246533B5E00D445B6
2,W,0x33504A10,0x0D52FC2C70C813F5244543D5E81D344B8
2,W,0x33504A20,0x0D434C3C5078E3D5243543E5E8DD343BB
2,W,0x33504A30,0x0D438C4C301903C524254405E98D241C0
2,W,0x33504A40,0x0D43DC6BF81813B534254415DA2D33FC5
2,W,0x33504A50,0x0D441C8BB90823A544254435CA8D33BC8
2,W,0x33504A60,0x0D443C7B8929836533E55445CACD238C9
2,W,0x33504A70,0x0D247C5B781AF30523458455DB0CE35C8
2,W,0x33504A80,0x0D04BC4B500BA2451295B465EB3C833C6
2,W,0x33504A90,0x0CF4EC5AF00BD1952215C475FB7C630C7
2,W,0x33504AA0,0x0CE51C6A081BE1152175C485FBAC526CB
2,W,0x33504AB0,0x0CD53C88190BD0153055C4A5EBEC518D0
2,W,0x33504AC0,0x0CD55CB1BA0BA0054015B4B5EC1C500D3
2,W,0x33504AD0,0x0CE56CF2FAAB50056015A4D5DC3C799D6
2,W,0x33504AE0,0x0CE58D035B1B30057015A4F5CC4C8A7D9
2,W,0x33504AF0,0x0CE59D13AB3B38157005A505BC5C7B0DA
2,W,0x33504B00,0x0AB2141A1BF812242A834B7B854352F47
2,W,0x33504B10,0x0A92342A0BE812041AC32B6BA54383147
2,W,0x33504B20,0x0A725439FBE811F40B130B5BB553C3246
2,W,0x33504B30,0x0A725449FBD832040B42CB4BC563E3444
2,W,0x33504B40,0x0AC2145A1BB922641B927B6BD58403642
2,W,0x33504B50,0x0AF1D469FB9972A41BD20B6BE5A413741
2,W,0x33504B60,0x0A825479AB896253DC011B3C15B443A41
2,W,0x33504B70,0x08D314891B8850633C100A9C35B483C41
2,W,0x33504B80,0x15374888B8009224C18A9BC65B4C3D42
2,W,0x33504B90,0x20394A8AB7019B20C39990C75C4F4040
2,W,0x33504BA0,0x20394B8BB5009920C6A487C75E51413B
2,W,0x33504BB0,0x20394D8CB4819720C9AC83C860514337
2,W,0x33504BC0,0x15374E8FB3918A26CCB189C862524431
2,W,0x33504BD0,0x345092B1A0012DCFB594C863534627
2,W,0x33504BE0,0x081325192AEA51230D1B998C865534721
2,W,0x33504BF0,0x081315191ABA8152DD2BD96C96654491A
2,W,0x33504C00,0x0B1C8D05144D4C7B1DB39D1A6D24051D6
2,W,0x33504C10,0x0B2C9D05245D4C8B0DB3BD1A6D13F52D5
2,W,0x33504C20,0x0B3C9CF5245D4C8B0DB3ED2A6D13C53D5
2,W,0x33504C30,0x0B3C9CD5346D4C8B0DA41D2A6D03A53D4
2,W,0x33504C40,0x0B2C6CA5348D5C8B0DA44D2A9D03654D4
2,W,0x33504C50,0x0B2C5C95349D5C8B0DA46D2ABCF3454D3
2,W,0x33504C60,0x0B4C6C8554AD5C8B0DA48D4A9CD3255D2
2,W,0x33504C70,0x0BACBCA574BD3C8AFD948D6A5C92F57D0
2,W,0x33504C80,0x0BED0CD5A4CD2C9ADD849D8A5C62A59CB
2,W,0x33504C90,0x0C0D1CD5C4CD2CAADD74CDAA7C31F5AC8
2,W,0x33504CA0,0x0C0D1CA5C4ED3CBADD74FDAA7C2045BC7
2,W,0x33504CB0,0x0C0D0C75D50D3CBAFD651DAA9C1835CC5
2,W,0x33504CC0,0x0C0CDC25D51D3CBAFD653DAA9C0A05DC5
2,W,0x33504CD0,0x0BEC8BA5D51D4CBB0D655DAABC1AA5DC5
2,W,0x33504CE0,0x0BDC6B45D52D5CBB1D656DAACC0B15DC5
2,W,0x33504CF0,0x0BDC4B15E53D6CBB2D657DAAEBFB35EC4
2,W,0x33504D00,0x0CB8A37B7130048A382D4B223A0D24F48
2,W,0x33504D10,0x0CA8D36B608004AA386D4B3189ED24F47
2,W,0x33504D20,0x0C98F35B401014BA588D4B4039ED24E46
2,W,0x33504D30,0x0C78F34B200064CAA85D4B600A1D34C45
2,W,0x33504D40,0x0C78633B301174DB300D4B990A4D44945
2,W,0x33504D50,0x0C58132B207204EB800D4BBA2A5D54745
2,W,0x33504D60,0x0C3812FAD812150B781D4BDADA3D54743
2,W,0x33504D70,0x0BD8F299FA41B52AF99D3BEB597D4493D
2,W,0x33504D80,0x0B79B2681B11B54A1A5D3BFBE00D24B33
2,W,0x33504D90,0x0B3A12208B42155A3A7D3C1C201D34A29
2,W,0x33504DA0,0x0B0A01914B62656ACA5D3C3C400D44724
2,W,0x33504DB0,0x0A99F101BB62C57B3A4D3C4C700D54420
2,W,0x33504DC0,0x0A49A001CB63158BB9DD2C7C990D74020
2,W,0x33504DD0,0x0A1918116B43658C28ED2C9CA9FD93723
2,W,0x33504DE0,0x099818414B23959C681D2CBCCA3DA3024
2,W,0x33504DF0,0x08B008F16B23B5AC881D2CCCFA3DB281F
2,W,0x33504E00,0x442B01CCC445B12845E2215E02CF47AE
2,W,0x33504E10,0x442C00CCC347B22845E2265D0ACE46AE
2,W,0x33504E20,0x442C81CBC348B32946E22C5D11CD44AD
2,W,0x33504E30,0x452B00CAC249B42A46E2315C15CC43AC
2,W,0x33504E40,0x452927C9C04AB52848E2365C19C843AF
2,W,0x33504E50,0x452832C8BF4CB52449E23A5C20C641AD
2,W,0x33504E60,0x462529C6BF4EB72649E23D5B24C63CA7
2,W,0x33504E70,0x46279DC6C051B92B48E13F5928C8319F
2,W,0x33504E80,0x452CBCC5C052B92C46E141582CCA1D9A
2,W,0x33504E90,0x452FC0C4BE53BA2C47E1435730C8049C
2,W,0x33504EA0,0x452EBDC2BC54BC2E48E1465632C5009E
2,W,0x33504EB0,0x462CB7C0BA55BD2C49E1495533C2939B
2,W,0x33504EC0,0x4727A6BCB655BF2E4BE14C5535BC999D
2,W,0x33504ED0,0x482318B7B356C02D4EE1505536B39AA0
2,W,0x33504EE0,0x491C32B4B156C12A50E1515538A9A29C
2,W,0x33504EF0,0x491338B1AF57C12751E152543AA1AA94
2,W,0x33504F00,0x50475AD75C49BFC72332B7928E43E731
2,W,0x33504F10,0x504759D75D4ABCC72534B5819D42E72F
2,W,0x33504F20,0x504859D65D4AB9C72836B201A642E72B
2,W,0x33504F30,0x4F4758D65E4AB5C62C37B00DAF42E729
2,W,0x33504F40,0x4E4658D65E49B2C63337B105B342E72B
2,W,0x33504F50,0x4E4557D65E49AEC63538B010B841E72C
2,W,0x33504F60,0x4D4655D55F4AA5C6343BA725BE41E725
2,W,0x33504F70,0x4B4953D2614E8FC52F418137C341E602
2,W,0x33504F80,0x4A4C52CD62500DC62A442342C83FE59E
2,W,0x33504F90,0x494C51CA635124C62E453145CB3EE4AA
2,W,0x33504FA0,0x484B50C963512FC633463346CE3CE4AE
2,W,0x33504FB0,0x474A4FC8635135C537463648D13CE4B0
2,W,0x33504FC0,0x46484DC9635039C43C463648D23DE5AE
2,W,0x33504FD0,0x45454CCB634F3CC441463447D33DE5A9
2,W,0x33504FE0,0x44434BCD634E40C343463346D53DE5A5
2,W,0x33504FF0,0x434249CD634E42C343473448D63EE6A6
2,W,0x33505000,0x0DEDB56D13CCB4CB74C149B91C4BF46B1
2,W,0x33505010,0x0DFDB55D13FCF4CB54B18A19BC6C348AB
2,W,0x33505020,0x0E0DB54D141D14CB34A1DA7A1C7C64BA4
2,W,0x33505030,0x0
2,W,0x33505040,0x0
2,W,0x33505050,0x0
2,W,0x33505060,0x0
2,W,0x33505070,0x0
2,W,0x33505080,0x0
2,W,0x33505090,0x0
2,W,0x335050A0,0x0
2,W,0x335050B0,0x0
2,W,0x335050C0,0x0
2,W,0x335050D0,0x0
2,W,0x335050E0,0x0
2,W,0x335050F0,0x0
2,W,0x33505100,0x2CB46504812AB3544F9A8CC151CF4E2B
2,W,0x33505110,0x23B965120026B1564E8A01C152D04E34
2,W,0x33505120,0x15BE651A0023AF574E001CC153D14D39
2,W,0x33505130,0x0
2,W,0x33505140,0x0
2,W,0x33505150,0x0
2,W,0x33505160,0x0
2,W,0x33505170,0x0
2,W,0x33505180,0x0
2,W,0x33505190,0x0
2,W,0x335051A0,0x0
2,W,0x335051B0,0x0
2,W,0x335051C0,0x0
2,W,0x335051D0,0x0
2,W,0x33505130,0x0
2,W,0x33505140,0x0
2,W,0x33505150,0x0
2,W,0x33505160,0x0
2,W,0x33505170,0x0
2,W,0x33505180,0x0
2,W,0x33505190,0x0
2,W,0x335051A0,0x0
2,W,0x335051B0,0x0
2,W,0x335051C0,0x0
2,W,0x335051D0,0x0
2,W,0x335051E0,0x0
2,W,0x335051F0,0x0
2,W,0x33505200,0x3D55484BC748D0E5D752645DE5A14C29
2,W,0x33505210,0x3C554B4DC648D0E5D751645FE6A24A28
2,W,0x33505220,0x3A544E4FC449CFE5D8516460E6A24928
2,W,0x33505230,0x0
2,W,0x33505240,0x0
2,W,0x33505250,0x0
2,W,0x33505260,0x0
2,W,0x33505270,0x0
2,W,0x33505280,0x0
2,W,0x33505290,0x0
2,W,0x335052A0,0x0
2,W,0x335052B0,0x0
2,W,0x335052C0,0x0
2,W,0x335052D0,0x0
2,W,0x335052E0,0x0
2,W,0x335052F0,0x0
2,W,0x33505300,0x0AD5681434ECF60504F48194ED6E23CA6
2,W,0x33505310,0x0AE5891444FCF614F52491C4ED6E23FA0
2,W,0x33505320,0x0AF599C4650D0614F5449204ED6E24196
2,W,0x33505330,0x0
2,W,0x33505340,0x0
2,W,0x33505350,0x0
2,W,0x33505360,0x0
2,W,0x33505370,0x0
2,W,0x33505380,0x0
2,W,0x33505390,0x0
2,W,0x335053A0,0x0
2,W,0x335053B0,0x0
2,W,0x335053C0,0x0
2,W,0x335053D0,0x0
2,W,0x335053E0,0x0
2,W,0x335053F0,0x0
2,W,0x33505400,0x1181B236AB34DF55B2C259F53A4838A8
2,W,0x33505410,0x0BB535B134DF55B5C259F53F483AA5
2,W,0x33505420,0x0901FB834B334DE55B7C259F542473CA2
2,W,0x33505430,0x0
2,W,0x33505440,0x0
2,W,0x33505450,0x0
2,W,0x33505460,0x0
2,W,0x33505470,0x0
2,W,0x33505480,0x0
2,W,0x33505490,0x0
2,W,0x335054A0,0x0
2,W,0x335054B0,0x0
2,W,0x335054C0,0x0
2,W,0x335054D0,0x0
2,W,0x335054E0,0x0
2,W,0x335054F0,0x0
2,W,0x33505500,0x0C9B801BCD73A276447D0434ABD3860B5
2,W,0x33505510,0x0CABB15BED83C206548D04049BF3761BA
2,W,0x33505520,0x0CBBF1FC0D93E15654AD03C48C13661BE
2,W,0x33505530,0x0
2,W,0x33505540,0x0
2,W,0x33505550,0x0
2,W,0x33505560,0x0
2,W,0x33505570,0x0
2,W,0x33505580,0x0
2,W,0x33505590,0x0
2,W,0x335055A0,0x0
2,W,0x335055B0,0x0
2,W,0x335055C0,0x0
2,W,0x335055D0,0x0
2,W,0x335055E0,0x0
2,W,0x335055F0,0x0
2,W,0x33505600,0x41BACD4F32545254A0B254C6D6E4D01B
2,W,0x33505610,0x43BCCF4E3354535599B555C4D6E4D11C
2,W,0x33505620,0x45BED14C3453555691B856C2D6E5D21C
2,W,0x33505630,0x0
2,W,0x33505640,0x0
2,W,0x33505650,0x0
2,W,0x33505660,0x0
2,W,0x33505670,0x0
2,W,0x33505680,0x0
2,W,0x33505690,0x0
2,W,0x335056A0,0x0
2,W,0x335056B0,0x0
2,W,0x335056C0,0x0
2,W,0x335056D0,0x0
2,W,0x335056E0,0x0
2,W,0x335056F0,0x0
2,W,0x33505700,0x0DDCBD1C7D342915353CCC301306F4ED7
2,W,0x33505710,0x0DDCAD1C7D240885255CCC607216F50D8
2,W,0x33505720,0x0DDC9D1C6D13E815156CCC911017052D9
2,W,0x33505730,0x0
2,W,0x33505740,0x0
2,W,0x33505750,0x0
2,W,0x33505760,0x0
2,W,0x33505770,0x0
2,W,0x33505780,0x0
2,W,0x33505790,0x0
2,W,0x335057A0,0x0
2,W,0x335057B0,0x0
2,W,0x335057C0,0x0
2,W,0x335057D0,0x0
2,W,0x335057E0,0x0
2,W,0x335057F0,0x0
2,W,0x33505800,0x0C319B7C2DB01B9E1484ACABB6257C846
2,W,0x33505810,0x0C100B7C3DD26B6E14A48CCBB6257C847
2,W,0x33505820,0x0BF95B6C3DF33B4E24D46CEBB6256C747
2,W,0x33505830,0x0
2,W,0x33505840,0x0
2,W,0x33505850,0x0
2,W,0x33505860,0x0
2,W,0x33505870,0x0
2,W,0x33505880,0x0
2,W,0x33505890,0x0
2,W,0x335058A0,0x0
2,W,0x335058B0,0x0
2,W,0x335058C0,0x0
2,W,0x335058D0,0x0
2,W,0x335058E0,0x0
2,W,0x335058F0,0x0
2,W,0x33505900,0x0D3B491BC4FA95C4CE5A33ACA3449D161
2,W,0x33505910,0x0D4AE00B74EAD5D4EE6A238C82D4CD262
2,W,0x33505920,0x0D4A509B34EB15E4FE6A236C7234ED262
2,W,0x33505930,0x0
2,W,0x33505940,0x0
2,W,0x33505950,0x0
2,W,0x33505960,0x0
2,W,0x33505970,0x0
2,W,0x33505980,0x0
2,W,0x33505990,0x0
2,W,0x335059A0,0x0
2,W,0x335059B0,0x0
2,W,0x335059C0,0x0
2,W,0x335059D0,0x0
2,W,0x335059E0,0x0
2,W,0x335059F0,0x0
2,W,0x33505A00,0x0CC5AD23DB4B59557865B505BC6C5B3DB
2,W,0x33505A10,0x0CA5CD13EB3B9A2579E5D515CC7C1B5DB
2,W,0x33505A20,0x0C85DD23FB2BDA957A75F515DC8BDB6DA
2,W,0x33505A30,0x0
2,W,0x33505A40,0x0
2,W,0x33505A50,0x0
2,W,0x33505A60,0x0
2,W,0x33505A70,0x0
2,W,0x33505A80,0x0
2,W,0x33505A90,0x0
2,W,0x33505AA0,0x0
2,W,0x33505AB0,0x0
2,W,0x33505AC0,0x0
2,W,0x33505AD0,0x0
2,W,0x33505AE0,0x0
2,W,0x33505AF0,0x0
2,W,0x33505B00,0x133528FAAA80B27D3C08CCB66554A18
2,W,0x33505B10,0x1A36518DAAA58119D3C200CC67564B1B
2,W,0x33505B20,0x27385190AAA19402D3C401CE67574B1E
2,W,0x33505B30,0x0
2,W,0x33505B40,0x0
2,W,0x33505B50,0x0
2,W,0x33505B60,0x0
2,W,0x33505B70,0x0
2,W,0x33505B80,0x0
2,W,0x33505B90,0x0
2,W,0x33505BA0,0x0
2,W,0x33505BB0,0x0
2,W,0x33505BC0,0x0
2,W,0x33505BD0,0x0
2,W,0x33505BE0,0x0
2,W,0x33505BF0,0x0
2,W,0x33505C00,0x0BEC5B15F53D5CBB2D558DBAEBCB65FC2
2,W,0x33505C10,0x0C1C7B56054D5CCB3D558DCAFB8B75FBF
2,W,0x33505C20,0x0C2CAB96154D5CDB4D459DEB1B3B960BB
2,W,0x33505C30,0x0
2,W,0x33505C40,0x0
2,W,0x33505C50,0x0
2,W,0x33505C60,0x0
2,W,0x33505C70,0x0
2,W,0x33505C80,0x0
2,W,0x33505C90,0x0
2,W,0x33505CA0,0x0
2,W,0x33505CB0,0x0
2,W,0x33505CC0,0x0
2,W,0x33505CD0,0x0
2,W,0x33505CE0,0x0
2,W,0x33505CF0,0x0
2,W,0x33505D00,0x0961FB43C5BC98CD2CDD1A1DB250F
2,W,0x33505D10,0x12839927B73C5CC79BD2CDD293DB2881
2,W,0x33505D20,0x1E919B2EBA3D5DC6A4D2CED300DA2DA0
2,W,0x33505D30,0x0
2,W,0x33505D40,0x0
2,W,0x33505D50,0x0
2,W,0x33505D60,0x0
2,W,0x33505D70,0x0
2,W,0x33505D80,0x0
2,W,0x33505D90,0x0
2,W,0x33505DA0,0x0
2,W,0x33505DB0,0x0
2,W,0x33505DC0,0x0
2,W,0x33505DD0,0x0
2,W,0x33505DE0,0x0
2,W,0x33505DF0,0x0
2,W,0x33505E00,0x490635AEAE58C12551E153533B9DB384
2,W,0x33505E10,0x480127AAAF59C12151E153523D9EBA00
2,W,0x33505E20,0x470101A9AE59C01851E153513F9EC001
2,W,0x33505E30,0x0
2,W,0x33505E40,0x0
2,W,0x33505E50,0x0
2,W,0x33505E60,0x0
2,W,0x33505E70,0x0
2,W,0x33505E80,0x0
2,W,0x33505E90,0x0
2,W,0x33505EA0,0x0
2,W,0x33505EB0,0x0
2,W,0x33505EC0,0x0
2,W,0x33505ED0,0x0
2,W,0x33505EE0,0x0
2,W,0x33505EF0,0x0
2,W,0x33505F00,0x414247CB644E44C34348384AD83EE5AB
2,W,0x33505F10,0x404346C8655047C341493E4EDA3EE5B2
2,W,0x33505F20,0x3F4445C5655049C43E4A4250DB3EE5B6
2,W,0x33505F30,0x0
2,W,0x33505F40,0x0
2,W,0x33505F50,0x0
2,W,0x33505F60,0x0
2,W,0x33505F70,0x0
2,W,0x33505F80,0x0
2,W,0x33505F90,0x0
2,W,0x33505FA0,0x0
2,W,0x33505FB0,0x0
2,W,0x33505FC0,0x0
2,W,0x33505FD0,0x0
2,W,0x33505FE0,0x0
2,W,0x33505FF0,0x0
2,W,0x33400020,0x100000000000000000000000000000
2,W,0x33600000,0x4DB2B253B65B58644CD0D6DED015D455
2,W,0x33600010,0x5ADFA8D2524B473CC447409ED662574F
2,W,0x33600020,0x0C214C35CD8CFC163D2A1E3B435B8E701
2,W,0x33600030,0x0E1EBC51F5B62EAD8552341CD4170E2B5
2,W,0x33600040,0x4CB3D697D2A141D55BE44357B3426245
2,W,0x33600050,0x0E351C8495BBDDEEBD71F628133B6EDB3
2,W,0x33600060,0x0E15B539FC5E3DCE2D755D0533454D73C
2,W,0x33600070,0x0C94B2045CA2E3A3C43586147AFD3C44E
2,W,0x33600080,0x5CCDE6C564392953E5A651DAD7D552D6
2,W,0x33600090,0x60545E5D1EC9E4425F57E142DDE0D6D8
2,W,0x336000A0,0x0B8D759C1E04AD8E2418132EADAA45DC8
2,W,0x336000B0,0x340BD5152C363BC285439DFEAB3D959
2,W,0x336000C0,0x2E41D3E3D492B0C81DD06800A2615351
2,W,0x336000D0,0x4063CCA8A9A6E63E2E5261DAD64CB049
2,W,0x336000E0,0x0A23723D463B852C2E254C541405EC82B
2,W,0x336000F0,0x0CBE3DC90D35ECC4181DC1A9857DC2749
2,W,0x33000050,0x0
2,W,0xdeaddead,0x0
